team_id,name,abbr,nickname,logo_file_name,city_id,park_id,league_id,sub_league_id,division_id,nation_id,parent_team_id,level,prevent_any_moves,human_team,human_id,gender,background_color_id,text_color_id,ballcaps_main_color_id,ballcaps_visor_color_id,jersey_main_color_id,jersey_away_color_id,jersey_secondary_color_id,jersey_pin_stripes_color_id,allstar_team,historical_id
31,"Carolina","CAR","Swamp Foxes","carolina_swamp_foxes.png",18952,13,145,1,1,206,0,1,1,1,28,0,"#EE9C21","#A1A9AD","#EE9C21","#A1A9AD","#FFFFFF","#AAAAAA","#EE9C21","#EE9C21",0,"ARI"
32,"Atlanta","ATL","Braves","atlanta_braves.png",4704,528,145,1,0,206,0,1,1,1,60,0,"#002D59","#D0043C","#002D59","#002D59","#FFFFFF","#AAAAAA","#002D59","#002D59",0,"ATL"
33,"Baltimore","BAL","Orioles","baltimore_orioles.png",6650,15,145,0,0,206,0,1,1,1,78,0,"#DF4601","#000000","#000000","#000000","#FFFFFF","#AAAAAA","#DF4601","#DF4601",0,"BAL"
34,"Boston","BOS","Red Sox","boston_red_sox.png",10948,16,145,0,0,206,0,1,1,1,76,0,"#BD3039","#0D2B56","#0D2B56","#0D2B56","#FFFFFF","#AAAAAA","#BD3039","#BD3039",0,"BOS"
35,"Nashville","NSH","Sounds","nashville_sounds.png",54298,17,145,0,1,206,0,1,1,1,5,0,"#DD052B","#19235F","#DD052B","#19235F","#FFFFFF","#AAAAAA","#DD052B","#DD052B",0,"CHA"
36,"Chicago","CHC","Cubs","chicago_cubs.png",13181,18,145,1,1,206,0,1,1,1,6,0,"#004B8B","#DA052E","#004B8B","#004B8B","#FFFFFF","#AAAAAA","#004B8B","#004B8B",0,"CHN"
37,"Cincinnati","CIN","Reds","cincinnati_reds.png",13776,19,145,1,1,206,0,1,1,1,74,0,"#C6011F","#041E42","#C6011F","#C6011F","#FFFFFF","#AAAAAA","#C6011F","#C6011F",0,"CIN"
38,"Cleveland","CLE","Spiders","cleveland_spiders.png",14082,20,145,0,1,206,0,1,1,1,7,0,"#0698DD","#E6E6E6","#0698DD","#E6E6E6","#000000","#AAAAAA","#0698DD","#0698DD",0,"CLE"
39,"Vancouver","VAN","Rockies","vancouver_rockies.png",84104,21,145,1,2,36,0,1,1,1,2,0,"#2C144D","#FFFFFF","#2C144D","#FFFFFF","#FFFFFF","#000000","#2C144D","#2C144D",0,"COL"
40,"Detroit","DET","Tigers","detroit_tigers.png",20315,22,145,0,1,206,0,1,1,1,38,0,"#0C2C56","#FF6600","#0C2C56","#0C2C56","#FFFFFF","#AAAAAA","#0C2C56","#0C2C56",0,"DET"
41,"Florida","FLA","Marlins","florida_marlins.png",25856,23,145,1,0,206,0,1,1,1,29,0,"#009CA6","#2D2926","#009CA6","#2D2926","#FFFFFF","#AAAAAA","#009CA6","#009CA6",0,"FLO"
42,"Houston","HOU","Astros","houston_astros.png",32688,24,145,0,2,206,0,1,1,1,9,0,"#002D62","#EB6E1F","#002D62","#002D62","#FFFFFF","#AAAAAA","#002D62","#002D62",0,"HOU"
43,"Las Vegas","LVS","Scorpions","las_vegas_scorpions.png",43942,25,145,1,2,206,0,1,1,1,63,0,"#EF4923","#4D4D4F","#EF4923","#4D4D4F","#FFFFFF","#AAAAAA","#EF4923","#EF4923",0,"KCA"
44,"Los Angeles","LAA","Angels","los_angeles_angels.png",2845,26,145,0,2,206,0,1,1,1,14,0,"#BA0021","#003263","#BA0021","#BA0021","#FFFFFF","#AAAAAA","#BA0021","#BA0021",0,"LAA"
45,"Los Angeles","LAD","Dodgers","los_angeles_dodgers.png",41955,27,145,1,2,206,0,1,1,1,33,0,"#005A9C","#FFFFFF","#005A9C","#005A9C","#FFFFFF","#AAAAAA","#005A9C","#005A9C",0,"LAN"
46,"Milwaukee","MIL","Brewers","milwaukee_brewers.png",50428,28,145,0,1,206,0,1,1,1,15,0,"#13294B","#FFC72C","#13294B","#13294B","#FFFFFF","#AAAAAA","#13294B","#13294B",0,"MIL"
47,"Minnesota","MIN","Twins","minnesota_twins.png",50536,29,145,0,1,206,0,1,1,1,48,0,"#002D59","#D0043C","#002D59","#002D59","#FFFFFF","#AAAAAA","#002D59","#002D59",0,"MIN"
48,"New York","NYY","Yankees","new_york_yankees.png",55211,30,145,0,0,206,0,1,1,1,61,0,"#132448","#FFFFFF","#132448","#132448","#FFFFFF","#AAAAAA","#132448","#132448",0,"NYA"
49,"New York","NYM","Mets","new_york_mets.png",55211,31,145,1,0,206,0,1,1,1,62,0,"#002D72","#FF5910","#002D72","#002D72","#FFFFFF","#AAAAAA","#002D72","#002D72",0,"NYN"
50,"Arizona","ARI","Athletics","arizona_athletics.png",0,32,145,1,2,206,0,1,1,1,22,0,"#03322C","#DAC38E","#03322C","#DAC38E","#FFFFFF","#AAAAAA","#03322C","#03322C",0,"OAK"
51,"Philadelphia","PHI","Phillies","philadelphia_phillies.png",58713,33,145,1,0,206,0,1,1,1,17,0,"#E81828","#003278","#E81828","#E81828","#FFFFFF","#AAAAAA","#E81828","#E81828",0,"PHI"
52,"Pittsburgh","PIT","Pirates","pittsburgh_pirates.png",59354,34,145,1,1,206,0,1,1,1,71,0,"#FDB827","#000000","#000000","#000000","#FFFFFF","#AAAAAA","#FDB827","#FDB827",0,"PIT"
53,"Oakland","OAK","Oaks","oakland_oaks.png",56459,35,145,0,2,206,0,1,1,0,0,0,"#034226","#F0AD17","#034226","#F0AD17","#F0AD17","#FFFFFF","#034226","#034226",0,"SDN"
54,"Seattle","SEA","Mariners","seattle_mariners.png",72460,36,145,0,2,206,0,1,1,1,52,0,"#0C2C56","#005C5C","#0C2C56","#0C2C56","#FFFFFF","#AAAAAA","#0C2C56","#0C2C56",0,"SEA"
55,"San Francisco","SF","Giants","san_francisco_giants.png",69999,37,145,1,2,206,0,1,1,1,46,0,"#EE712A","#1D1D1B","#1D1D1B","#1D1D1B","#FFFFFF","#AAAAAA","#EE712A","#EE712A",0,"SFN"
56,"St. Louis","STL","Cardinals","st_louis_cardinals.png",69095,38,145,1,1,206,0,1,1,1,55,0,"#BE0A14","#001541","#BE0A14","#BE0A14","#FFFFFF","#AAAAAA","#BE0A14","#BE0A14",0,"SLN"
57,"Montreal","MTL","Asahi","montreal_asahi.png",51650,39,145,0,0,36,0,1,1,1,72,0,"#000000","#FFFFFF","#C22E32","#FFFFFF","#000000","#AAAAAA","#C22E32","#002E5F",0,"TBA"
58,"Texas","TEX","Rangers","texas_rangers.png",4076,40,145,0,2,206,0,1,1,1,66,0,"#003278","#C0111F","#003278","#003278","#FFFFFF","#AAAAAA","#003278","#003278",0,"TEX"
59,"Toronto","TOR","Blue Jays","toronto_blue_jays.png",80680,41,145,0,0,36,0,1,1,1,34,0,"#134A8E","#D50032","#134A8E","#134A8E","#FFFFFF","#AAAAAA","#134A8E","#134A8E",0,"TOR"
60,"Washington","WAS","Nationals","washington_nationals.png",87845,42,145,1,0,206,0,1,1,1,77,0,"#AB0003","#11225B","#AB0003","#AB0003","#FFFFFF","#AAAAAA","#AB0003","#AB0003",0,"WAS"
85,"American League","AL","All-Stars","american_league_all-stars.png",0,15,145,0,0,0,0,1,0,0,0,0,"#9B0101","#000000","#006AFA","#41CDE8","#D82E3A","#D82E3A","#0C2B55","#0C2B55",1,""
86,"National League","NL","All-Stars","national_league_all-stars.png",0,18,145,1,0,0,0,1,0,0,0,0,"#1E1E9E","#F0F0F0","#8D640E","#067D2E","#01003E","#01003E","#C4000C","#C4000C",1,""
157,"Columbus","CLM","Clippers","columbus_clippers.png",14625,81,146,0,2,206,38,2,0,0,0,0,"#DA291C","#C1C6C8","#DA291C","#C1C6C8","#FFFFFF","#AAAAAA","#DA291C","#DA291C",0,""
158,"Lehigh Valley","LHV","IronPigs","lehigh_valley_ironpigs.png",1707,82,146,0,0,206,51,2,0,0,0,0,"#A7A8AA","#041E42","#A7A8AA","#041E42","#FFFFFF","#AAAAAA","#A7A8AA","#A7A8AA",0,""
159,"Pawtucket","PAW","Red Sox","pawtucket_red_sox.png",63278,83,146,0,0,206,34,2,0,0,0,0,"#C8102E","#0C2340","#C8102E","#0C2340","#FFFFFF","#AAAAAA","#C8102E","#C8102E",0,""
160,"Rochester","ROC","Red Wings","rochester_red_wings.png",66478,84,146,0,0,206,47,2,0,0,0,0,"#DA291C","#FFCD00","#DA291C","#FFCD00","#FFFFFF","#AAAAAA","#DA291C","#DA291C",0,""
161,"Scranton WB","SCR","RailRiders","scranton_wb_railriders.png",51736,85,146,0,0,206,48,2,0,0,0,0,"#85714D","#0C2340","#85714D","#0C2340","#FFFFFF","#AAAAAA","#85714D","#85714D",0,""
162,"Las Vegas","LVG","51s","las_vegas_51s.png",43942,86,147,1,1,206,49,2,0,0,0,0,"#7C878E","#003A70","#7C878E","#003A70","#FFFFFF","#AAAAAA","#7C878E","#7C878E",0,""
163,"Charlotte","CHR","Knights","charlotte_knights.png",18952,87,146,0,1,206,35,2,0,0,0,0,"#2D2926","#8A8D8F","#2D2926","#8A8D8F","#FFFFFF","#AAAAAA","#2D2926","#2D2926",0,""
164,"Durham","DUR","Bulls","durham_bulls.png",19502,88,146,0,1,206,57,2,0,0,0,0,"#A1561C","#001489","#A1561C","#001489","#FFFFFF","#AAAAAA","#A1561C","#A1561C",0,""
165,"Norfolk","NOR","Tides","norfolk_tides.png",56019,89,146,0,1,206,33,2,0,0,0,0,"#009353","#EE7029","#009353","#EE7029","#FFFFFF","#AAAAAA","#009353","#009353",0,""
166,"Savannah","GWI","Steelhawks","savannah_steelhawks.png",71889,90,146,0,1,206,32,2,0,0,0,0,"#203468","#A1A9AD","#203468","#A1A9AD","#FFFFFF","#AAAAAA","#203468","#203468",0,""
167,"Syracuse","SYR","Chiefs","syracuse_chiefs.png",77297,91,146,0,0,206,60,2,0,0,0,0,"#002B59","#CF013B","#002B59","#CF013B","#FFFFFF","#AAAAAA","#002B59","#002B59",0,""
168,"Indianapolis","IND","Indians","indianapolis_indians.png",34491,92,146,0,2,206,52,2,0,0,0,0,"#C8102E","#B2B4B2","#C8102E","#B2B4B2","#FFFFFF","#AAAAAA","#C8102E","#C8102E",0,""
169,"Louisville","LOU","Bats","louisville_bats.png",42078,93,146,0,2,206,37,2,0,0,0,0,"#E2061F","#18223F","#E2061F","#18223F","#FFFFFF","#AAAAAA","#E2061F","#E2061F",0,""
170,"Toledo","TOL","Mud Hens","toledo_mud_hens.png",80442,171,146,0,2,206,40,2,0,0,0,0,"#F2A900","#D50032","#F2A900","#D50032","#FFFFFF","#AAAAAA","#F2A900","#F2A900",0,""
171,"Iowa","IOW","Cubs","iowa_cubs.png",20253,95,147,0,0,206,36,2,0,0,0,0,"#002F6C","#C8102E","#002F6C","#C8102E","#FFFFFF","#AAAAAA","#002F6C","#002F6C",0,""
172,"Memphis","MEM","Redbirds","memphis_redbirds.png",49583,96,147,0,1,206,56,2,0,0,0,0,"#D0043C","#002D59","#D0043C","#002D59","#FFFFFF","#AAAAAA","#D0043C","#D0043C",0,""
173,"Aurora","CHW","White Sox","aurora_white_sox.png",4975,341,147,0,1,206,50,2,0,0,0,0,"#4D4D4F","#FFFFFF","#4D4D4F","#FFFFFF","#FFFFFF","#AAAAAA","#4D4D4F","#4D4D4F",0,""
174,"Omaha","OMA","Storm Chasers","omaha_storm_chasers.png",57291,98,147,0,0,206,43,2,0,0,0,0,"#85714D","#002D72","#85714D","#002D72","#FFFFFF","#AAAAAA","#85714D","#85714D",0,""
175,"New Orleans","NRL","Baby Cakes","new_orleans_baby_cakes.png",55156,99,147,0,1,206,41,2,0,0,0,0,"#002D59","#FCC44F","#002D59","#FCC44F","#FFFFFF","#AAAAAA","#002D59","#002D59",0,""
176,"Buffalo","BUF","Bisons","buffalo_bisons.png",12314,100,146,0,0,206,59,2,0,0,0,0,"#001489","#BA0C2F","#001489","#BA0C2F","#FFFFFF","#AAAAAA","#001489","#001489",0,""
177,"Oklahoma City","OKL","Dodgers","oklahoma_city_dodgers.png",57035,101,147,0,0,206,45,2,0,0,0,0,"#002F6C","#A2AAAD","#002F6C","#A2AAAD","#FFFFFF","#AAAAAA","#002F6C","#002F6C",0,""
178,"Round Rock","RR","Express","round_rock_express.png",65670,102,147,0,1,206,58,2,0,0,0,0,"#002E5F","#B20933","#002E5F","#B20933","#FFFFFF","#AAAAAA","#002E5F","#002E5F",0,""
179,"Colorado Springs","CS","Sky Sox","colorado_springs_sky_sox.png",14578,103,147,0,0,206,46,2,0,0,0,0,"#041C2C","#BA0C2F","#041C2C","#BA0C2F","#FFFFFF","#AAAAAA","#041C2C","#041C2C",0,""
180,"El Paso","EP","Chihuahuas","el_paso_chihuahuas.png",23176,104,147,1,1,206,53,2,0,0,0,0,"#E1B87F","#BA0C2F","#E1B87F","#BA0C2F","#FFFFFF","#AAAAAA","#E1B87F","#E1B87F",0,""
181,"Salt Lake","SL","Bees","salt_lake_bees.png",69520,105,147,1,1,206,44,2,0,0,0,0,"#F2A900","#2D2926","#F2A900","#2D2926","#FFFFFF","#AAAAAA","#F2A900","#F2A900",0,""
182,"Tacoma","TAC","Rainiers","tacoma_rainiers.png",77882,106,147,1,0,206,54,2,0,0,0,0,"#0C2340","#FFFFFF","#0C2340","#FFFFFF","#FFFFFF","#AAAAAA","#0C2340","#0C2340",0,""
183,"Fresno","FRE","Grizzlies","fresno_grizzlies.png",24787,107,147,1,0,206,42,2,0,0,0,0,"#1D1D1D","#D0043C","#1D1D1D","#D0043C","#FFFFFF","#AAAAAA","#1D1D1D","#1D1D1D",0,""
184,"Albuquerque","ABQ","Isotopes","albuquerque_isotopes.png",1405,108,147,1,1,206,39,2,0,0,0,0,"#BA0C2F","#FEDB00","#BA0C2F","#FEDB00","#FFFFFF","#AAAAAA","#BA0C2F","#BA0C2F",0,""
185,"Sacramento","SAC","River Cats","sacramento_river_cats.png",67700,109,147,1,0,206,55,2,0,0,0,0,"#990A2C","#0053A1","#990A2C","#0053A1","#FFFFFF","#AAAAAA","#990A2C","#990A2C",0,""
186,"Reno","REN","Aces","reno_aces.png",66889,110,147,1,0,206,31,2,0,0,0,0,"#0C2340","#FFFFFF","#0C2340","#FFFFFF","#FFFFFF","#AAAAAA","#0C2340","#0C2340",0,""
187,"Binghamton","BIN","Rumble Ponies","binghamton_rumble_ponies.png",9591,111,148,0,0,206,49,3,0,0,0,0,"#002D59","#D0043C","#002D59","#D0043C","#FFFFFF","#AAAAAA","#002D59","#002D59",0,""
188,"Hartford","HAR","Yard Goats","hartford_yard_goats.png",30805,392,148,0,0,206,39,3,0,0,0,0,"#004387","#009353","#004387","#009353","#FFFFFF","#AAAAAA","#004387","#004387",0,""
189,"New Hampshire","NHA","Fisher Cats","new_hampshire_fisher_cats.png",47541,113,148,0,0,206,59,3,0,0,0,0,"#0C2340","#C8102E","#0C2340","#C8102E","#FFFFFF","#AAAAAA","#0C2340","#0C2340",0,""
190,"Richmond","RCH","Flying Squirrels","richmond_flying_squirrels.png",64151,114,148,0,0,206,55,3,0,0,0,0,"#BA0C2F","#A7A8AA","#BA0C2F","#A7A8AA","#FFFFFF","#AAAAAA","#BA0C2F","#BA0C2F",0,""
191,"Portland","POR","Sea Dogs","portland_sea_dogs.png",60507,115,148,0,0,206,34,3,0,0,0,0,"#C8102E","#F1B434","#C8102E","#F1B434","#FFFFFF","#AAAAAA","#C8102E","#C8102E",0,""
192,"Trenton","TRE","Thunder","trenton_thunder.png",81062,116,148,0,0,206,48,3,0,0,0,0,"#FFB81C","#003DA5","#FFB81C","#003DA5","#FFFFFF","#AAAAAA","#FFB81C","#FFB81C",0,""
193,"Akron","AKR","RubberDucks","akron_rubberducks.png",849,117,148,0,1,206,38,3,0,0,0,0,"#0072CE","#FFD100","#0072CE","#FFD100","#FFFFFF","#AAAAAA","#0072CE","#0072CE",0,""
194,"Altoona","ALT","Curve","altoona_curve.png",2406,118,148,0,1,206,52,3,0,0,0,0,"#A4343A","#9E652E","#A4343A","#9E652E","#FFFFFF","#AAAAAA","#A4343A","#A4343A",0,""
195,"Bowie","BOW","Baysox","bowie_baysox.png",11164,119,148,0,1,206,33,3,0,0,0,0,"#FC4C02","#2D2926","#FC4C02","#2D2926","#FFFFFF","#AAAAAA","#FC4C02","#FC4C02",0,""
196,"Erie","ERI","SeaWolves","erie_seawolves.png",23889,120,148,0,1,206,40,3,0,0,0,0,"#BA0C2F","#2D2926","#BA0C2F","#2D2926","#FFFFFF","#AAAAAA","#BA0C2F","#BA0C2F",0,""
197,"Harrisburg","HAR","Senators","harrisburg_senators.png",30756,121,148,0,1,206,60,3,0,0,0,0,"#B3A369","#BA0C2F","#B3A369","#BA0C2F","#FFFFFF","#AAAAAA","#B3A369","#B3A369",0,""
198,"Reading","REA","Fightin Phils","reading_fightin_phils.png",65266,122,148,0,1,206,51,3,0,0,0,0,"#D0043C","#002E5F","#D0043C","#002E5F","#FFFFFF","#AAAAAA","#D0043C","#D0043C",0,""
199,"Jacksonville","JAX","Jumbo Shrimp","jacksonville_jumbo_shrimp.png",34776,123,149,0,1,206,41,3,0,0,0,0,"#002E5F","#E73137","#002E5F","#E73137","#FFFFFF","#AAAAAA","#002E5F","#002E5F",0,""
200,"Pensacola","PEN","Blue Wahoos","pensacola_blue_wahoos.png",63622,395,149,0,0,206,37,3,0,0,0,0,"#041E42","#CE0058","#041E42","#CE0058","#FFFFFF","#AAAAAA","#041E42","#041E42",0,""
201,"Biloxi","BIL","Shuckers","biloxi_shuckers.png",9528,125,149,0,0,206,46,3,0,0,0,0,"#003DA5","#9EA2A2","#003DA5","#9EA2A2","#FFFFFF","#AAAAAA","#003DA5","#003DA5",0,""
202,"Tennessee","TEN","Smokies","tennessee_smokies.png",39092,126,149,0,0,206,36,3,0,0,0,0,"#7DA1C4","#C6AA76","#7DA1C4","#C6AA76","#FFFFFF","#AAAAAA","#7DA1C4","#7DA1C4",0,""
203,"Jackson","JAC","Generals","jackson_generals.png",34758,127,149,0,0,206,31,3,0,0,0,0,"#2D2926","#FFFFFF","#2D2926","#FFFFFF","#FFFFFF","#AAAAAA","#2D2926","#2D2926",0,""
204,"Birmingham","BIR","Barons","birmingham_barons.png",9691,128,149,0,1,206,35,3,0,0,0,0,"#BF0D3E","#FFFFFF","#BF0D3E","#FFFFFF","#FFFFFF","#AAAAAA","#BF0D3E","#BF0D3E",0,""
205,"Augusta","AUG","Eagles","augusta_eagles.png",4889,129,149,0,1,206,32,3,0,0,0,0,"#7DC3D9","#791730","#7DC3D9","#791730","#FFFFFF","#AAAAAA","#7DC3D9","#7DC3D9",0,""
206,"Mobile","MOB","BayBears","mobile_baybears.png",50908,130,149,0,1,206,44,3,0,0,0,0,"#DFD1A7","#0C2340","#DFD1A7","#0C2340","#FFFFFF","#AAAAAA","#DFD1A7","#DFD1A7",0,""
207,"Montgomery","MON","Biscuits","montgomery_biscuits.png",51547,131,149,0,1,206,57,3,0,0,0,0,"#EAAA00","#13294B","#EAAA00","#13294B","#FFFFFF","#AAAAAA","#EAAA00","#EAAA00",0,""
208,"Chattanooga","CHT","Lookouts","chattanooga_lookouts.png",19029,132,149,0,0,206,47,3,0,0,0,0,"#E72F35","#DFE0E0","#E72F35","#DFE0E0","#FFFFFF","#AAAAAA","#E72F35","#E72F35",0,""
209,"Arkansas","ARK","Travelers","arkansas_travelers.png",56158,133,150,0,0,206,54,3,0,0,0,0,"#BA0C2F","#C1C6C8","#BA0C2F","#C1C6C8","#FFFFFF","#AAAAAA","#BA0C2F","#BA0C2F",0,""
210,"Springfield","SPF","Cardinals","springfield_cardinals.png",75711,134,150,0,0,206,56,3,0,0,0,0,"#BA0C2F","#FEDB00","#BA0C2F","#FEDB00","#FFFFFF","#AAAAAA","#BA0C2F","#BA0C2F",0,""
211,"Tulsa","TUL","Drillers","tulsa_drillers.png",81568,135,150,0,0,206,45,3,0,0,0,0,"#707372","#24135F","#707372","#24135F","#FFFFFF","#AAAAAA","#707372","#707372",0,""
212,"Northwest Arkansas","NWA","Naturals","northwest_arkansas_naturals.png",75698,136,150,0,0,206,43,3,0,0,0,0,"#8A1538","#C69214","#8A1538","#C69214","#FFFFFF","#AAAAAA","#8A1538","#8A1538",0,""
213,"Frisco","FRI","RoughRiders","frisco_roughriders.png",24713,137,150,0,1,206,58,3,0,0,0,0,"#E51937","#231F20","#E51937","#231F20","#FFFFFF","#AAAAAA","#E51937","#E51937",0,""
214,"Midland","MID","RockHounds","midland_rockhounds.png",50143,138,150,0,1,206,50,3,0,0,0,0,"#E57200","#004C97","#E57200","#004C97","#FFFFFF","#AAAAAA","#E57200","#E57200",0,""
215,"San Antonio","SAN","Missions","san_antonio_missions.png",69776,139,150,0,1,206,53,3,0,0,0,0,"#002E5F","#D5B079","#002E5F","#D5B079","#FFFFFF","#AAAAAA","#002E5F","#002E5F",0,""
216,"Corpus Christi","CC","Hooks","corpus_christi_hooks.png",15185,140,150,0,1,206,42,3,0,0,0,0,"#0C2340","#418FDE","#0C2340","#418FDE","#FFFFFF","#AAAAAA","#0C2340","#0C2340",0,""
218,"Modesto","MOD","Nuts","modesto_nuts.png",50945,142,151,0,0,206,54,4,0,0,0,0,"#9D2235","#9E652E","#9D2235","#9E652E","#FFFFFF","#AAAAAA","#9D2235","#9D2235",0,""
219,"San Jose","SJO","Giants","san_jose_giants.png",70210,143,151,0,0,206,55,4,0,0,0,0,"#FA4616","#2D2926","#FA4616","#2D2926","#FFFFFF","#AAAAAA","#FA4616","#FA4616",0,""
220,"Stockton","STO","Ports","stockton_ports.png",76303,144,151,0,0,206,50,4,0,0,0,0,"#171C8F","#C8102E","#171C8F","#C8102E","#FFFFFF","#AAAAAA","#171C8F","#171C8F",0,""
221,"Visalia","VIS","Rawhide","visalia_rawhide.png",82987,145,151,0,0,206,31,4,0,0,0,0,"#B9975B","#2D2926","#B9975B","#2D2926","#FFFFFF","#AAAAAA","#B9975B","#B9975B",0,""
223,"Inland Empire","INL","66ers","inland_empire_66ers.png",69824,147,151,0,1,206,44,4,0,0,0,0,"#7B7A76","#EE712A","#7B7A76","#EE712A","#FFFFFF","#AAAAAA","#7B7A76","#7B7A76",0,""
224,"Lake Elsinore","LAK","Storm","lake_elsinore_storm.png",43203,148,151,0,1,206,53,4,0,0,0,0,"#2D2926","#E4002B","#2D2926","#E4002B","#FFFFFF","#AAAAAA","#2D2926","#2D2926",0,""
225,"Salem","SAL","Red Sox","salem_red_sox.png",69395,149,152,0,1,206,34,4,0,0,0,0,"#C8102E","#BBC7D6","#C8102E","#BBC7D6","#FFFFFF","#AAAAAA","#C8102E","#C8102E",0,""
226,"Rancho Cucamonga","RAN","Quakes","rancho_cucamonga_quakes.png",64993,150,151,0,1,206,45,4,0,0,0,0,"#B9975B","#002D72","#B9975B","#002D72","#FFFFFF","#AAAAAA","#B9975B","#B9975B",0,""
227,"Frederick","FRE","Keys","frederick_keys.png",24887,151,152,0,0,206,33,4,0,0,0,0,"#FC4C02","#2D2926","#FC4C02","#2D2926","#FFFFFF","#AAAAAA","#FC4C02","#FC4C02",0,""
228,"Bradenton","BRA","Marauders","bradenton_marauders.png",11283,45,153,0,1,206,52,4,0,0,0,0,"#FFC72C","#2D2926","#FFC72C","#2D2926","#FFFFFF","#AAAAAA","#FFC72C","#FFC72C",0,""
229,"Potomac","POT","Nationals","potomac_nationals.png",86616,153,152,0,0,206,60,4,0,0,0,0,"#041E42","#BA0C2F","#041E42","#BA0C2F","#FFFFFF","#AAAAAA","#041E42","#041E42",0,""
230,"Wilmington","WIL","Blue Rocks","wilmington_blue_rocks.png",87008,154,152,0,0,206,43,4,0,0,0,0,"#A6C7EA","#002E5F","#A6C7EA","#002E5F","#FFFFFF","#AAAAAA","#A6C7EA","#A6C7EA",0,""
231,"Carolina","CAR","Mudcats","carolina_mudcats.png",89559,124,152,0,1,206,46,4,0,0,0,0,"#E4002B","#898D8D","#E4002B","#898D8D","#FFFFFF","#AAAAAA","#E4002B","#E4002B",0,""
232,"Myrtle Beach","MYR","Pelicans","myrtle_beach_pelicans.png",52862,156,152,0,1,206,36,4,0,0,0,0,"#0072CE","#FFC72C","#0072CE","#FFC72C","#FFFFFF","#AAAAAA","#0072CE","#0072CE",0,""
233,"Lancaster","LAN","JetHawks","lancaster_jethawks.png",43525,157,151,0,1,206,39,4,0,0,0,0,"#9D2235","#B9975B","#9D2235","#B9975B","#FFFFFF","#AAAAAA","#9D2235","#9D2235",0,""
234,"Winston-Salem","WS","Dash","winston-salem_dash.png",86841,158,152,0,1,206,35,4,0,0,0,0,"#492F92","#231F20","#492F92","#231F20","#FFFFFF","#AAAAAA","#492F92","#492F92",0,""
236,"Daytona","DAY","Tortugas","daytona_tortugas.png",22245,160,153,0,0,206,37,4,0,0,0,0,"#004E42","#8BB8E8","#004E42","#8BB8E8","#FFFFFF","#AAAAAA","#004E42","#004E42",0,""
237,"Jupiter","JUP","Hammerheads","jupiter_hammerheads.png",35822,161,153,0,1,206,41,4,0,0,0,0,"#009CA6","#7C878E","#009CA6","#7C878E","#FFFFFF","#AAAAAA","#009CA6","#009CA6",0,""
238,"Palm Beach","PAL","Cardinals","palm_beach_cardinals.png",35822,161,153,0,1,206,56,4,0,0,0,0,"#BA0C2F","#FFFFFF","#BA0C2F","#FFFFFF","#FFFFFF","#AAAAAA","#BA0C2F","#BA0C2F",0,""
239,"St. Lucie","SLC","Mets","st_lucie_mets.png",60444,162,153,0,1,206,49,4,0,0,0,0,"#EF7723","#004587","#EF7723","#004587","#FFFFFF","#AAAAAA","#EF7723","#EF7723",0,""
240,"Charlotte","CHR","Stone Crabs","charlotte_stone_crabs.png",60385,163,153,0,1,206,57,4,0,0,0,0,"#69B3E7","#FFFFFF","#69B3E7","#FFFFFF","#FFFFFF","#AAAAAA","#69B3E7","#69B3E7",0,""
241,"Clearwater","CLE","Threshers","clearwater_threshers.png",14038,164,153,0,0,206,51,4,0,0,0,0,"#BA0C2F","#236192","#BA0C2F","#236192","#FFFFFF","#AAAAAA","#BA0C2F","#BA0C2F",0,""
242,"Dunedin","DUN","Blue Jays","dunedin_blue_jays.png",19593,165,153,0,0,206,59,4,0,0,0,0,"#003DA5","#FFFFFF","#003DA5","#FFFFFF","#FFFFFF","#AAAAAA","#003DA5","#003DA5",0,""
243,"Fort Myers","FMY","Miracle","fort_myers_miracle.png",25182,166,153,0,1,206,47,4,0,0,0,0,"#BA0C2F","#009A44","#BA0C2F","#009A44","#FFFFFF","#AAAAAA","#BA0C2F","#BA0C2F",0,""
244,"Lakeland","LAK","Flying Tigers","lakeland_flying_tigers.png",43308,167,153,0,0,206,40,4,0,0,0,0,"#0C2340","#B94700","#0C2340","#B94700","#FFFFFF","#AAAAAA","#0C2340","#0C2340",0,""
245,"Lynchburg","LYN","Hillcats","lynchburg_hillcats.png",41130,152,152,0,0,206,38,4,0,0,0,0,"#20372A","#FDC82F","#20372A","#20372A","#EBEBEB","#EBEBEB","#20372A","#20372A",0,""
246,"Tampa","TAM","Yankees","tampa_yankees.png",78373,169,153,0,0,206,48,4,0,0,0,0,"#0C2340","#E4002B","#0C2340","#E4002B","#FFFFFF","#AAAAAA","#0C2340","#0C2340",0,""
247,"Great Lakes","GLK","Loons","great_lakes_loons.png",50141,170,154,0,0,206,45,4,0,0,0,0,"#00684A","#C3C4C5","#00684A","#C3C4C5","#FFFFFF","#AAAAAA","#00684A","#00684A",0,""
248,"Dayton","DAY","Dragons","dayton_dragons.png",22234,94,154,0,0,206,37,4,0,0,0,0,"#2D2926","#007A33","#2D2926","#007A33","#FFFFFF","#AAAAAA","#2D2926","#2D2926",0,""
249,"Fort Wayne","FWA","TinCaps","fort_wayne_tincaps.png",25148,172,154,0,0,206,53,4,0,0,0,0,"#B1B3B3","#2C5234","#B1B3B3","#2C5234","#FFFFFF","#AAAAAA","#B1B3B3","#B1B3B3",0,""
250,"Lansing","LAN","Lugnuts","lansing_lugnuts.png",43746,173,154,0,0,206,59,4,0,0,0,0,"#DD052B","#D1D7DA","#DD052B","#D1D7DA","#FFFFFF","#AAAAAA","#DD052B","#DD052B",0,""
251,"South Bend","SBE","Cubs","south_bend_cubs.png",75295,174,154,0,0,206,36,4,0,0,0,0,"#C8102E","#002F6C","#C8102E","#002F6C","#FFFFFF","#AAAAAA","#C8102E","#C8102E",0,""
252,"West Michigan","WMI","Whitecaps","west_michigan_whitecaps.png",29499,175,154,0,0,206,40,4,0,0,0,0,"#69B3E7","#0C2340","#69B3E7","#0C2340","#FFFFFF","#AAAAAA","#69B3E7","#69B3E7",0,""
253,"Beloit","BEL","Snappers","beloit_snappers.png",8435,176,154,0,1,206,50,4,0,0,0,0,"#43B02A","#0C2340","#43B02A","#0C2340","#FFFFFF","#AAAAAA","#43B02A","#43B02A",0,""
254,"Burlington","BUR","Bees","burlington_bees.png",12717,177,154,0,1,206,44,4,0,0,0,0,"#FFB81C","#0C2340","#FFB81C","#0C2340","#FFFFFF","#AAAAAA","#FFB81C","#FFB81C",0,""
255,"Cedar Rapids","CER","Kernels","cedar_rapids_kernels.png",18112,178,154,0,1,206,47,4,0,0,0,0,"#009A44","#FFC72C","#009A44","#FFC72C","#FFFFFF","#AAAAAA","#009A44","#009A44",0,""
256,"Hickory","HIC","Crawdads","hickory_crawdads.png",31732,179,155,0,0,206,58,4,0,0,0,0,"#E2011C","#7DAEDE","#E2011C","#7DAEDE","#FFFFFF","#AAAAAA","#E2011C","#E2011C",0,""
257,"Kane County","KAN","Cougars","kane_county_cougars.png",28145,180,154,0,1,206,31,4,0,0,0,0,"#17253E","#D1AE74","#17253E","#D1AE74","#FFFFFF","#AAAAAA","#17253E","#17253E",0,""
258,"Peoria","PEO","Chiefs","peoria_chiefs.png",63645,181,154,0,1,206,56,4,0,0,0,0,"#BA0C2F","#F3D03E","#BA0C2F","#F3D03E","#FFFFFF","#AAAAAA","#BA0C2F","#BA0C2F",0,""
259,"Quad Cities","QUC","River Bandits","quad_cities_river_bandits.png",22160,182,154,0,1,206,42,4,0,0,0,0,"#2D2926","#9D2235","#2D2926","#9D2235","#FFFFFF","#AAAAAA","#2D2926","#2D2926",0,""
260,"Clinton","CLI","LumberKings","clinton_lumberkings.png",14121,183,154,0,1,206,54,4,0,0,0,0,"#00843D","#FFFFFF","#00843D","#FFFFFF","#FFFFFF","#AAAAAA","#00843D","#00843D",0,""
261,"Delmarva","DEL","Shorebirds","delmarva_shorebirds.png",69468,184,155,0,0,206,33,4,0,0,0,0,"#8A8D8F","#F9423A","#8A8D8F","#F9423A","#FFFFFF","#AAAAAA","#8A8D8F","#8A8D8F",0,""
262,"Hagerstown","HAG","Suns","hagerstown_suns.png",30250,185,155,0,0,206,60,4,0,0,0,0,"#FA4616","#FFFFFF","#FA4616","#FFFFFF","#FFFFFF","#AAAAAA","#FA4616","#FA4616",0,""
263,"West Virginia","WVA","Power","west_virginia_power.png",18931,186,155,0,0,206,52,4,0,0,0,0,"#FFD300","#C09400","#FFD300","#C09400","#FFFFFF","#AAAAAA","#FFD300","#FFD300",0,""
264,"Lake County","LCO","Captains","lake_county_captains.png",22564,187,154,0,0,206,38,4,0,0,0,0,"#041C2C","#B9975B","#041C2C","#B9975B","#FFFFFF","#AAAAAA","#041C2C","#041C2C",0,""
265,"Lakewood","LAK","BlueClaws","lakewood_blueclaws.png",43345,188,155,0,0,206,51,4,0,0,0,0,"#69B3E7","#0C2340","#69B3E7","#0C2340","#FFFFFF","#AAAAAA","#69B3E7","#69B3E7",0,""
266,"Lexington","LEX","Legends","lexington_legends.png",45184,189,155,0,1,206,43,4,0,0,0,0,"#009A44","#003087","#009A44","#003087","#FFFFFF","#AAAAAA","#009A44","#009A44",0,""
267,"Wisconsin","WIS","Timber Rattlers","wisconsin_timber_rattlers.png",29482,190,154,0,1,206,46,4,0,0,0,0,"#870337","#D1D7DA","#870337","#D1D7DA","#FFFFFF","#AAAAAA","#870337","#870337",0,""
268,"Greensboro","GRE","Grasshoppers","greensboro_grasshoppers.png",29752,191,155,0,0,206,41,4,0,0,0,0,"#154734","#D86018","#154734","#D86018","#FFFFFF","#AAAAAA","#154734","#154734",0,""
269,"Asheville","ASH","Tourists","asheville_tourists.png",4411,192,155,0,1,206,39,4,0,0,0,0,"#0C2340","#FFFFFF","#0C2340","#FFFFFF","#FFFFFF","#AAAAAA","#0C2340","#0C2340",0,""
270,"Augusta","AUG","GreenJackets","augusta_greenjackets.png",4889,193,155,0,1,206,55,4,0,0,0,0,"#00795D","#1D1D1D","#00795D","#1D1D1D","#FFFFFF","#AAAAAA","#00795D","#00795D",0,""
271,"Greenville","GRB","Drive","greenville_drive.png",29773,194,155,0,1,206,34,4,0,0,0,0,"#E4002B","#FFFFFF","#E4002B","#FFFFFF","#FFFFFF","#AAAAAA","#E4002B","#E4002B",0,""
272,"Charleston","CHA","RiverDogs","charleston_riverdogs.png",18926,195,155,0,1,206,48,4,0,0,0,0,"#002647","#FBB900","#002647","#FBB900","#FFFFFF","#AAAAAA","#002647","#002647",0,""
273,"Bowling Green","BGN","Hot Rods","bowling_green_hot_rods.png",11168,196,154,0,0,206,57,4,0,0,0,0,"#17253E","#EB610D","#17253E","#EB610D","#FFFFFF","#AAAAAA","#17253E","#17253E",0,""
274,"Kannapolis","KAN","Intimidators","kannapolis_intimidators.png",36907,197,155,0,0,206,35,4,0,0,0,0,"#DA291C","#C8C9C7","#DA291C","#C8C9C7","#FFFFFF","#AAAAAA","#DA291C","#DA291C",0,""
275,"Greenville","GRE","Hops","greenville_hops.png",29776,198,155,0,1,206,32,4,0,0,0,0,"#008249","#D8C18D","#008249","#D8C18D","#FFFFFF","#AAAAAA","#008249","#008249",0,""
276,"Columbia","COL","Fireflies","columbia_fireflies.png",14600,199,155,0,1,206,49,4,0,0,0,0,"#002C5A","#CAD100","#002C5A","#CAD100","#FFFFFF","#AAAAAA","#002C5A","#002C5A",0,""
277,"Aberdeen","ABE","Ironbirds","aberdeen_ironbirds.png",374,200,156,0,0,206,33,5,0,0,0,0,"#003087","#FE5000","#003087","#FE5000","#FFFFFF","#AAAAAA","#003087","#003087",0,""
278,"Brooklyn","BRO","Cyclones","brooklyn_cyclones.png",12985,201,156,0,0,206,49,5,0,0,0,0,"#D50032","#FFC72C","#D50032","#FFC72C","#FFFFFF","#AAAAAA","#D50032","#D50032",0,""
279,"Hudson Valley","HUD","Renegades","hudson_valley_renegades.png",25676,202,156,0,0,206,57,5,0,0,0,0,"#0092D4","#1B272C","#0092D4","#1B272C","#FFFFFF","#AAAAAA","#0092D4","#0092D4",0,""
280,"Staten Island","STI","Yankees","staten_island_yankees.png",67138,203,156,0,0,206,48,5,0,0,0,0,"#A2AAAD","#0C2340","#A2AAAD","#0C2340","#FFFFFF","#AAAAAA","#A2AAAD","#A2AAAD",0,""
281,"Auburn","AUB","Doubledays","auburn_doubledays.png",4830,204,156,0,1,206,60,5,0,0,0,0,"#003594","#A7A8AA","#003594","#A7A8AA","#FFFFFF","#AAAAAA","#003594","#003594",0,""
282,"Batavia","BAT","Muckdogs","batavia_muckdogs.png",7560,205,156,0,1,206,41,5,0,0,0,0,"#A68462","#F6A2B6","#A68462","#F6A2B6","#FFFFFF","#AAAAAA","#A68462","#A68462",0,""
283,"West Virginia","WV","Black Bears","west_virginia_black_bears.png",51839,254,156,0,1,206,52,5,0,0,0,0,"#1A1A18","#F7A800","#1A1A18","#F7A800","#FFFFFF","#AAAAAA","#1A1A18","#1A1A18",0,""
284,"Mahoning Valley","MAH","Scrappers","mahoning_valley_scrappers.png",55643,207,156,0,1,206,38,5,0,0,0,0,"#7C878E","#862633","#7C878E","#862633","#FFFFFF","#AAAAAA","#7C878E","#7C878E",0,""
285,"State College","STC","Spikes","state_college_spikes.png",76053,208,156,0,1,206,56,5,0,0,0,0,"#C69214","#C8102E","#C69214","#C8102E","#FFFFFF","#AAAAAA","#C69214","#C69214",0,""
286,"Williamsport","WIL","Crosscutters","williamsport_crosscutters.png",87064,209,156,0,1,206,51,5,0,0,0,0,"#A7A8AA","#C6893F","#A7A8AA","#C6893F","#FFFFFF","#AAAAAA","#A7A8AA","#A7A8AA",0,""
287,"Lowell","LOW","Spinners","lowell_spinners.png",41636,210,156,0,2,206,34,5,0,0,0,0,"#1C284A","#007033","#1C284A","#007033","#FFFFFF","#AAAAAA","#1C284A","#1C284A",0,""
288,"Connecticut","CON","Tigers","connecticut_tigers.png",56326,211,156,0,2,206,40,5,0,0,0,0,"#0C2340","#FA4616","#0C2340","#FA4616","#FFFFFF","#AAAAAA","#0C2340","#0C2340",0,""
289,"Tri-City","TRI","ValleyCats","tri-city_valleycats.png",81264,212,156,0,2,206,42,5,0,0,0,0,"#C8102E","#A2AAAD","#C8102E","#A2AAAD","#FFFFFF","#AAAAAA","#C8102E","#C8102E",0,""
290,"Vermont","VER","Lake Monsters","vermont_lake_monsters.png",12721,213,156,0,2,206,50,5,0,0,0,0,"#78BE20","#041E42","#78BE20","#041E42","#FFFFFF","#AAAAAA","#78BE20","#78BE20",0,""
291,"Boise","BOI","Hawks","boise_hawks.png",10388,214,157,0,0,206,39,5,0,0,0,0,"#034638","#A4343A","#034638","#A4343A","#FFFFFF","#AAAAAA","#034638","#034638",0,""
292,"Spokane","SPO","Indians","spokane_indians.png",75641,215,157,0,0,206,58,5,0,0,0,0,"#BA0C2F","#F3CFB3","#BA0C2F","#F3CFB3","#FFFFFF","#AAAAAA","#BA0C2F","#BA0C2F",0,""
293,"Tri-City","TRC","Dust Devils","tri-city_dust_devils.png",63028,216,157,0,0,206,53,5,0,0,0,0,"#84754E","#1B365D","#84754E","#1B365D","#FFFFFF","#AAAAAA","#84754E","#84754E",0,""
294,"Hillsboro","HIL","Hops","hillsboro_hops.png",31888,217,157,0,0,206,31,5,0,0,0,0,"#041C2C","#FFFFFF","#041C2C","#FFFFFF","#FFFFFF","#AAAAAA","#041C2C","#041C2C",0,""
295,"Eugene","EUG","Emeralds","eugene_emeralds.png",24267,218,157,0,1,206,36,5,0,0,0,0,"#44D62C","#2D2926","#44D62C","#2D2926","#FFFFFF","#AAAAAA","#44D62C","#44D62C",0,""
296,"Everett","EVE","AquaSox","everett_aquasox.png",24329,219,157,0,1,206,54,5,0,0,0,0,"#041E42","#CEDC00","#041E42","#CEDC00","#FFFFFF","#AAAAAA","#041E42","#041E42",0,""
297,"Salem-Keizer","SKE","Volcanoes","salem-keizer_volcanoes.png",37682,220,157,0,1,206,55,5,0,0,0,0,"#D22630","#A7A8AA","#D22630","#A7A8AA","#FFFFFF","#AAAAAA","#D22630","#D22630",0,""
298,"Vancouver","VAN","Canadians","vancouver_canadians.png",84104,221,157,0,1,36,59,5,0,0,0,0,"#D50032","#FFFFFF","#D50032","#FFFFFF","#FFFFFF","#AAAAAA","#D50032","#D50032",0,""
299,"Bluefield","BLU","Blue Jays","bluefield_blue_jays.png",10112,222,158,0,0,206,59,6,0,0,0,0,"#003DA5","#FFFFFF","#003DA5","#FFFFFF","#FFFFFF","#AAAAAA","#003DA5","#003DA5",0,""
300,"Burlington","BUR","Royals","burlington_royals.png",12722,223,158,0,0,206,43,6,0,0,0,0,"#002D72","#85714D","#002D72","#85714D","#FFFFFF","#AAAAAA","#002D72","#002D72",0,""
301,"Knoxville","KNO","Silverbacks","knoxville_silverbacks.png",39092,224,158,0,0,206,32,6,0,0,0,0,"#000000","#E6E6E6","#000000","#E6E6E6","#FFFFFF","#AAAAAA","#000000","#000000",0,""
302,"Pulaski","PUL","Yankees","pulaski_yankees.png",61426,225,158,0,0,206,48,6,0,0,0,0,"#002A58","#E62E35","#002A58","#E62E35","#FFFFFF","#AAAAAA","#002A58","#002A58",0,""
303,"Princeton","PRI","Rays","princeton_rays.png",61024,226,158,0,0,206,57,6,0,0,0,0,"#041E42","#FFCD00","#041E42","#FFCD00","#FFFFFF","#AAAAAA","#041E42","#041E42",0,""
304,"Greeneville","GRE","Astros","greeneville_astros.png",29730,227,158,0,1,206,42,6,0,0,0,0,"#CF4520","#041E42","#CF4520","#041E42","#FFFFFF","#AAAAAA","#CF4520","#CF4520",0,""
305,"Bristol","BRI","Pirates","bristol_pirates.png",11771,228,158,0,1,206,52,6,0,0,0,0,"#2D2926","#FFC72C","#2D2926","#FFC72C","#FFFFFF","#AAAAAA","#2D2926","#2D2926",0,""
306,"Elizabethton","ELI","Twins","elizabethton_twins.png",23389,229,158,0,1,206,47,6,0,0,0,0,"#A2AAAD","#BA0C2F","#A2AAAD","#BA0C2F","#FFFFFF","#AAAAAA","#A2AAAD","#A2AAAD",0,""
307,"Johnson City","JOH","Cardinals","johnson_city_cardinals.png",35558,230,158,0,1,206,56,6,0,0,0,0,"#BA0C2F","#5C88DA","#BA0C2F","#5C88DA","#FFFFFF","#AAAAAA","#BA0C2F","#BA0C2F",0,""
308,"Kingsport","KIN","Mets","kingsport_mets.png",38596,231,158,0,1,206,49,6,0,0,0,0,"#002D72","#FC4C02","#002D72","#FC4C02","#FFFFFF","#AAAAAA","#002D72","#002D72",0,""
309,"Milwaukee (AZL)","AMIL","Brewers","milwaukee_(azl)_brewers.png",0,232,159,0,1,206,46,6,0,0,0,0,"#13294B","#FFC72C","#13294B","#13294B","#FFFFFF","#AAAAAA","#13294B","#13294B",0,""
310,"Texas (AZL)","ATEX","Rangers","texas_(azl)_rangers.png",0,233,159,0,2,206,58,6,0,0,0,0,"#003278","#C0111F","#003278","#003278","#FFFFFF","#AAAAAA","#003278","#003278",0,""
312,"Chicago N (AZL)","ACHN","Cubs","chicago_n_(azl)_cubs.png",0,234,159,0,0,206,36,6,0,0,0,0,"#004B8B","#DA052E","#004B8B","#004B8B","#FFFFFF","#AAAAAA","#004B8B","#004B8B",0,""
313,"Los Angeles A (AZL)","ALAA","Angels","los_angeles_a_(azl)_angels.png",0,235,159,0,0,206,44,6,0,0,0,0,"#BA0021","#003263","#BA0021","#BA0021","#FFFFFF","#AAAAAA","#BA0021","#BA0021",0,""
314,"Seattle (AZL)","ASEA","Mariners","seattle_(azl)_mariners.png",0,252,159,0,2,206,54,6,0,0,0,0,"#0C2C56","#005C5C","#0C2C56","#0C2C56","#FFFFFF","#AAAAAA","#0C2C56","#0C2C56",0,""
315,"Oakland (AZL)","AOAK","Athletics","oakland_(azl)_athletics.png",0,388,159,0,0,206,50,6,0,0,0,0,"#5C2E8D","#DAC38E","#5C2E8D","#DAC38E","#FFFFFF","#AAAAAA","#5C2E8D","#5C2E8D",0,""
316,"San Francisco (AZL)","ASF","Giants","san_francisco_(azl)_giants.png",0,237,159,0,0,206,55,6,0,0,0,0,"#EE712A","#1D1D1B","#1D1D1B","#1D1D1B","#FFFFFF","#AAAAAA","#EE712A","#EE712A",0,""
317,"Los Angeles N (AZL)","ALAD","Dodgers","los_angeles_n_(azl)_dodgers.png",0,408,159,0,1,206,45,6,0,0,0,0,"#005A9C","#FFFFFF","#005A9C","#005A9C","#FFFFFF","#AAAAAA","#005A9C","#005A9C",0,""
318,"Washington (GCL)","GWAS","Nationals","washington_(gcl)_nationals.png",0,159,160,0,2,206,60,6,0,0,0,0,"#AB0003","#11225B","#AB0003","#AB0003","#FFFFFF","#AAAAAA","#AB0003","#AB0003",0,""
319,"Miami (GCL)","JUPM","Marlins","miami_(gcl)_marlins.png",0,161,160,0,2,206,41,6,0,0,0,0,"#009CA6","#2D2926","#009CA6","#2D2926","#FFFFFF","#AAAAAA","#009CA6","#009CA6",0,""
320,"St. Louis (GCL)","GSL","Cardinals","st_louis_(gcl)_cardinals.png",0,161,160,0,2,206,56,6,0,0,0,0,"#BE0A14","#001541","#BE0A14","#BE0A14","#FFFFFF","#AAAAAA","#BE0A14","#BE0A14",0,""
322,"Jacksonville","GJAX","Cottonmouths","jacksonville_cottonmouths.png",34776,239,160,0,1,206,32,6,0,0,0,0,"#74C168","#006838","#74C168","#006838","#FFFFFF","#AAAAAA","#74C168","#74C168",0,""
323,"Philadelphia (GCL)","GPHI","Phillies","philadelphia_(gcl)_phillies.png",0,164,160,0,0,206,51,6,0,0,0,0,"#E81828","#003278","#E81828","#E81828","#FFFFFF","#AAAAAA","#E81828","#E81828",0,""
324,"Toronto (GCL)","GTOR","Blue Jays","toronto_(gcl)_blue_jays.png",0,165,160,0,0,206,59,6,0,0,0,0,"#134A8E","#D50032","#134A8E","#134A8E","#FFFFFF","#AAAAAA","#134A8E","#134A8E",0,""
325,"Detroit E (GCL)","GDEE","Tigers East","detroit_e_(gcl)_tigers_east.png",0,167,160,0,1,206,40,6,0,0,0,0,"#0C2C56","#FF6600","#0C2C56","#0C2C56","#FFFFFF","#AAAAAA","#0C2C56","#0C2C56",0,""
326,"New York A E (GCL)","GNYE","Yankees East","new_york_a_e_(gcl)_yankees_east.png",0,169,160,0,0,206,48,6,0,0,0,0,"#132448","#FFFFFF","#132448","#132448","#FFFFFF","#AAAAAA","#132448","#132448",0,""
327,"Cleveland (AZL)","ACLE","Indians","cleveland_(azl)_indians.png",0,240,159,0,1,206,38,6,0,0,0,0,"#203468","#D8C18D","#203468","#D8C18D","#FFFFFF","#AAAAAA","#203468","#203468",0,""
328,"Pittsburgh (GCL)","GPIT","Pirates","pittsburgh_(gcl)_pirates.png",0,241,160,0,0,206,52,6,0,0,0,0,"#FDB827","#000000","#000000","#000000","#FFFFFF","#AAAAAA","#FDB827","#FDB827",0,""
329,"Cincinnati (AZL)","ACIN","Reds","cincinnati_(azl)_reds.png",0,522,159,0,1,206,37,6,0,0,0,0,"#C6011F","#041E42","#C6011F","#C6011F","#FFFFFF","#AAAAAA","#C6011F","#C6011F",0,""
330,"Boston (GCL)","GBOS","Red Sox","boston_(gcl)_red_sox.png",0,242,160,0,3,206,34,6,0,0,0,0,"#BD3039","#0D2B56","#0D2B56","#0D2B56","#FFFFFF","#AAAAAA","#BD3039","#BD3039",0,""
331,"Minnesota (GCL)","GMIN","Twins","minnesota_(gcl)_twins.png",0,166,160,0,3,206,47,6,0,0,0,0,"#002D59","#D0043C","#002D59","#002D59","#FFFFFF","#AAAAAA","#002D59","#002D59",0,""
332,"Baltimore (GCL)","GBAL","Orioles","baltimore_(gcl)_orioles.png",0,243,160,0,3,206,33,6,0,0,0,0,"#DF4601","#000000","#000000","#000000","#FFFFFF","#AAAAAA","#DF4601","#DF4601",0,""
333,"Billings","BIL","Mustangs","billings_mustangs.png",9506,244,161,0,0,206,37,6,0,0,0,0,"#DD052B","#73797C","#DD052B","#73797C","#FFFFFF","#AAAAAA","#DD052B","#DD052B",0,""
334,"Great Falls","GFA","Voyagers","great_falls_voyagers.png",29648,245,161,0,0,206,35,6,0,0,0,0,"#78BE20","#2D2926","#78BE20","#2D2926","#FFFFFF","#AAAAAA","#78BE20","#78BE20",0,""
335,"Helena","HEL","Brewers","helena_brewers.png",31320,246,161,0,0,206,46,6,0,0,0,0,"#071D49","#8B6F4E","#071D49","#8B6F4E","#FFFFFF","#AAAAAA","#071D49","#071D49",0,""
336,"Missoula","MIS","Osprey","missoula_osprey.png",50729,247,161,0,0,206,31,6,0,0,0,0,"#2D2926","#003594","#2D2926","#003594","#FFFFFF","#AAAAAA","#2D2926","#2D2926",0,""
337,"Grand Junction","GJ","Rockies","grand_junction_rockies.png",29493,248,161,0,1,206,39,6,0,0,0,0,"#24135F","#8A8D8F","#24135F","#8A8D8F","#FFFFFF","#AAAAAA","#24135F","#24135F",0,""
338,"Idaho Falls","IDA","Chukars","idaho_falls_chukars.png",34017,249,161,0,1,206,43,6,0,0,0,0,"#8A8D8F","#861F41","#8A8D8F","#861F41","#FFFFFF","#AAAAAA","#8A8D8F","#8A8D8F",0,""
339,"Ogden","OGD","Raptors","ogden_raptors.png",56909,250,161,0,1,206,45,6,0,0,0,0,"#007482","#C0C0C1","#007482","#C0C0C1","#FFFFFF","#AAAAAA","#007482","#007482",0,""
340,"Orem","ORM","Owlz","orem_owlz.png",57580,251,161,0,1,206,44,6,0,0,0,0,"#BA0C2F","#FFB81C","#BA0C2F","#FFB81C","#FFFFFF","#AAAAAA","#BA0C2F","#BA0C2F",0,""
343,"American Conference","AC","All-Stars","american_conference_all-stars.png",0,97,147,0,0,0,0,2,0,0,0,0,"#ED1C24","#066CC6","#ED1C24","#066CC6","#FFFFFF","#AAAAAA","#ED1C24","#ED1C24",1,""
344,"Pacific Conference","PC","All-Stars","pacific_conference_all-stars.png",0,109,147,1,0,0,0,2,0,0,0,0,"#ED1C24","#066CC6","#ED1C24","#066CC6","#FFFFFF","#AAAAAA","#ED1C24","#ED1C24",1,""
345,"Northern Division","AS1","All-Stars","northern_division_all-stars.png",0,122,148,0,0,0,0,3,0,0,0,0,"#ED1C24","#066CC6","#ED1C24","#066CC6","#FFFFFF","#AAAAAA","#ED1C24","#ED1C24",1,""
346,"Southern Division","AS2","All-Stars","southern_division_all-stars.png",0,120,148,0,0,0,0,3,0,0,0,0,"#ED1C24","#066CC6","#ED1C24","#066CC6","#FFFFFF","#AAAAAA","#ED1C24","#ED1C24",1,""
347,"North Division","AS1","All-Stars","north_division_all-stars.png",0,395,149,0,0,0,0,3,0,0,0,0,"#ED1C24","#066CC6","#ED1C24","#066CC6","#FFFFFF","#AAAAAA","#ED1C24","#ED1C24",1,""
348,"South Division","AS2","All-Stars","south_division_all-stars.png",0,130,149,0,0,0,0,3,0,0,0,0,"#ED1C24","#066CC6","#ED1C24","#066CC6","#FFFFFF","#AAAAAA","#ED1C24","#ED1C24",1,""
349,"North Division","AS1","All-Stars","north_division_all-stars.png",0,139,150,0,0,0,0,3,0,0,0,0,"#9B0101","#000000","#DD0101","#DD0101","#DD0101","#DD0101","#000000","#000000",1,""
350,"South Division","AS2","All-Stars","south_division_all-stars.png",0,137,150,0,0,0,0,3,0,0,0,0,"#1E1E9E","#F0F0F0","#1E1E9E","#1E1E9E","#1E1E9E","#1E1E9E","#FFFFFF","#FFFFFF",1,""
351,"North Division","AS1","All-Stars","north_division_all-stars.png",0,144,151,0,0,0,0,4,0,0,0,0,"#9B0101","#000000","#DD0101","#DD0101","#DD0101","#DD0101","#000000","#000000",1,""
352,"South Division","AS2","All-Stars","south_division_all-stars.png",0,143,151,0,0,0,0,4,0,0,0,0,"#1E1E9E","#F0F0F0","#1E1E9E","#1E1E9E","#1E1E9E","#1E1E9E","#FFFFFF","#FFFFFF",1,""
353,"Northern Division","AS1","All-Stars","northern_division_all-stars.png",0,152,152,0,0,0,0,4,0,0,0,0,"#9B0101","#000000","#DD0101","#DD0101","#DD0101","#DD0101","#000000","#000000",1,""
354,"Southern Division","AS2","All-Stars","southern_division_all-stars.png",0,124,152,0,0,0,0,4,0,0,0,0,"#1E1E9E","#F0F0F0","#1E1E9E","#1E1E9E","#1E1E9E","#1E1E9E","#FFFFFF","#FFFFFF",1,""
355,"FSL North","AS1","All-Stars","fsl_north_all-stars.png",0,161,153,0,0,0,0,4,0,0,0,0,"#ED1C24","#066CC6","#ED1C24","#066CC6","#FFFFFF","#AAAAAA","#ED1C24","#ED1C24",1,""
356,"FSL South","AS2","All-Stars","fsl_south_all-stars.png",0,166,153,0,0,0,0,4,0,0,0,0,"#ED1C24","#066CC6","#ED1C24","#066CC6","#FFFFFF","#AAAAAA","#ED1C24","#ED1C24",1,""
357,"Eastern Division","AS1","All-Stars","eastern_division_all-stars.png",0,175,154,0,0,0,0,4,0,0,0,0,"#ED1C24","#066CC6","#ED1C24","#066CC6","#FFFFFF","#AAAAAA","#ED1C24","#ED1C24",1,""
358,"Western Division","AS2","All-Stars","western_division_all-stars.png",0,190,154,0,0,0,0,4,0,0,0,0,"#ED1C24","#066CC6","#ED1C24","#066CC6","#FFFFFF","#AAAAAA","#ED1C24","#ED1C24",1,""
359,"Northern Division","AS1","All-Stars","northern_division_all-stars.png",0,184,155,0,0,0,0,4,0,0,0,0,"#9B0101","#000000","#DD0101","#DD0101","#DD0101","#DD0101","#000000","#000000",1,""
360,"Southern Division","AS2","All-Stars","southern_division_all-stars.png",0,191,155,0,0,0,0,4,0,0,0,0,"#1E1E9E","#F0F0F0","#1E1E9E","#1E1E9E","#1E1E9E","#1E1E9E","#FFFFFF","#FFFFFF",1,""
361,"Portland (AZL)","APOR","Lumberjacks","portland_(azl)_lumberjacks.png",0,252,159,0,2,206,53,6,0,0,0,0,"#CC202A","#203468","#CC202A","#203468","#FFFFFF","#AAAAAA","#CC202A","#CC202A",0,""
403,"Houston (GCL)","GHOU","Astros","houston_(gcl)_astros.png",0,491,160,0,1,206,42,6,0,0,0,0,"#002D62","#EB6E1F","#002D62","#002D62","#FFFFFF","#AAAAAA","#002D62","#002D62",0,""
404,"Tampa Bay (GCL)","GTB","Rays","tampa_bay_(gcl)_rays.png",0,163,160,0,3,206,57,6,0,0,0,0,"#EF4923","#203468","#EF4923","#203468","#FFFFFF","#AAAAAA","#EF4923","#EF4923",0,""
405,"Carolina (AZL)","ACAR","Swamp Foxes","carolina_(azl)_swamp_foxes.png",0,1,159,0,0,206,31,6,0,0,0,0,"#EE9C21","#A1A9AD","#EE9C21","#A1A9AD","#FFFFFF","#AAAAAA","#EE9C21","#EE9C21",0,""
406,"New York N (GCL)","PSL","Mets","new_york_n_(gcl)_mets.png",0,162,160,0,2,206,49,6,0,0,0,0,"#002D72","#FF5910","#002D72","#002D72","#FFFFFF","#AAAAAA","#002D72","#002D72",0,""
408,"New York A W (GCL)","GNYW","Yankees West","new_york_a_w_(gcl)_yankees_west.png",0,169,160,0,1,206,48,6,0,0,0,0,"#132448","#FFFFFF","#132448","#132448","#FFFFFF","#AAAAAA","#132448","#132448",0,""
409,"East Division","AS1","All-Stars","east_division_all-stars.png",0,220,157,0,0,0,0,5,0,0,0,0,"#ED1C24","#066CC6","#ED1C24","#066CC6","#FFFFFF","#AAAAAA","#ED1C24","#ED1C24",1,""
410,"West Division","AS2","All-Stars","west_division_all-stars.png",0,219,157,0,0,0,0,5,0,0,0,0,"#ED1C24","#066CC6","#ED1C24","#066CC6","#FFFFFF","#AAAAAA","#ED1C24","#ED1C24",1,""
584,"Boston (DSL)","RSo","Red Sox","boston_(dsl)_red_sox.png",0,5,172,0,2,56,34,6,0,0,0,0,"#BD3039","#0D2B56","#0D2B56","#0D2B56","#FFFFFF","#AAAAAA","#BD3039","#BD3039",0,""
585,"Texas 1 (DSL)","Ran1","Rangers 1","texas_1_(dsl)_rangers_1.png",0,6,172,0,1,56,58,6,0,0,0,0,"#003278","#C0111F","#003278","#003278","#FFFFFF","#AAAAAA","#003278","#003278",0,""
586,"Vegas (DSL)","Veg","Royal Flushes","vegas_(dsl)_royal_flushes.png",0,7,172,0,2,56,43,6,0,0,0,0,"#004687","#C09A5B","#000000","#C09A5B","#000000","#FF0000","#FFFF00","#FF0000",0,""
587,"New York N 2 (DSL)","Met2","Mets 2","new_york_n_2_(dsl)_mets_2.png",0,8,172,0,5,56,49,6,0,0,0,0,"#002D72","#FF5910","#002D72","#002D72","#FFFFFF","#AAAAAA","#002D72","#002D72",0,""
588,"Houston 1 (DSL)","AstB","Astros Blue","houston_1_(dsl)_astros_blue.png",0,406,172,0,2,56,42,6,0,0,0,0,"#002D62","#EB6E1F","#002D62","#002D62","#FFFFFF","#AAAAAA","#002D62","#002D62",0,""
589,"Seattle (DSL)","Mari","Mariners","seattle_(dsl)_mariners.png",0,10,172,0,3,56,54,6,0,0,0,0,"#0C2C56","#005C5C","#0C2C56","#0C2C56","#FFFFFF","#AAAAAA","#0C2C56","#0C2C56",0,""
590,"San Francisco (DSL)","Gian","Giants","san_francisco_(dsl)_giants.png",0,11,172,0,3,56,55,6,0,0,0,0,"#EE712A","#1D1D1B","#1D1D1B","#1D1D1B","#FFFFFF","#AAAAAA","#EE712A","#EE712A",0,""
591,"Minnesota (DSL)","Twin","Twins","minnesota_(dsl)_twins.png",0,59,172,0,3,56,47,6,0,0,0,0,"#002D59","#D0043C","#002D59","#002D59","#FFFFFF","#AAAAAA","#002D59","#002D59",0,""
592,"Pittsburgh (DSL)","Pir1","Pirates 1","pittsburgh_(dsl)_pirates_1.png",0,43,172,0,1,56,52,6,0,0,0,0,"#FDB827","#000000","#000000","#000000","#FFFFFF","#AAAAAA","#FDB827","#FDB827",0,""
593,"Chicago A (DSL)","WS","White Sox","chicago_a_(dsl)_white_sox.png",0,59,172,0,0,56,35,6,0,0,0,0,"#4D4D4F","#FFFFFF","#4D4D4F","#FFFFFF","#FFFFFF","#AAAAAA","#4D4D4F","#4D4D4F",0,""
594,"Cincinnati (DSL)","Reds","Reds","cincinnati_(dsl)_reds.png",0,59,172,0,0,56,37,6,0,0,0,0,"#C6011F","#041E42","#C6011F","#C6011F","#FFFFFF","#AAAAAA","#C6011F","#C6011F",0,""
595,"Philadelphia 1 (DSL)","Phi1","Phillies 1","philadelphia_1_(dsl)_phillies_1.png",0,46,172,0,2,56,51,6,0,0,0,0,"#E81828","#003278","#E81828","#E81828","#FFFFFF","#AAAAAA","#E81828","#E81828",0,""
596,"Los Angeles (DSL)","Ang","Angels","los_angeles_(dsl)_angels.png",0,47,172,0,4,56,44,6,0,0,0,0,"#BA0021","#003263","#BA0021","#BA0021","#FFFFFF","#AAAAAA","#BA0021","#BA0021",0,""
597,"Tampa Bay 1 (DSL)","Ray1","Rays ","tampa_bay_1_(dsl)_rays_.png",0,48,172,0,2,56,57,6,0,0,0,0,"#002E5F","#8AC2EB","#002E5F","#8AC2EB","#FFFFFF","#AAAAAA","#002E5F","#002E5F",0,""
598,"Baltimore (DSL)","Ori1","Orioles 1","baltimore_(dsl)_orioles_1.png",0,59,172,0,0,56,33,6,0,0,0,0,"#DF4601","#000000","#000000","#000000","#FFFFFF","#AAAAAA","#DF4601","#DF4601",0,""
599,"New York A 1 (DSL)","Yan1","Yankees 1","new_york_a_1_(dsl)_yankees_1.png",0,50,172,0,1,56,48,6,0,0,0,0,"#132448","#FFFFFF","#132448","#132448","#FFFFFF","#AAAAAA","#132448","#132448",0,""
600,"Portland (DSL)","Por","Lumberjacks","portland_(dsl)_lumberjacks.png",0,51,172,0,0,56,53,6,0,0,0,0,"#CC202A","#203468","#CC202A","#203468","#FFFFFF","#AAAAAA","#CC202A","#CC202A",0,""
601,"Colorado (DSL)","Rock","Rockies","colorado_(dsl)_rockies.png",0,52,172,0,4,56,39,6,0,0,0,0,"#203468","#EE9C21","#203468","#EE9C21","#FFFFFF","#AAAAAA","#203468","#203468",0,""
602,"New York N 1 (DSL)","Met1","Mets 1","new_york_n_1_(dsl)_mets_1.png",0,8,172,0,1,56,49,6,0,0,0,0,"#002D72","#FF5910","#002D72","#002D72","#FFFFFF","#AAAAAA","#002D72","#002D72",0,""
603,"Oakland (DSL)","Ath","Athletics","oakland_(dsl)_athletics.png",0,54,172,0,2,56,50,6,0,0,0,0,"#5C2E8D","#DAC38E","#5C2E8D","#DAC38E","#FFFFFF","#AAAAAA","#5C2E8D","#5C2E8D",0,""
604,"Los Angeles 1 (DSL)","Dod1","Dodgers 1","los_angeles_1_(dsl)_dodgers_1.png",0,10,172,0,3,56,45,6,0,0,0,0,"#005A9C","#FFFFFF","#005A9C","#005A9C","#FFFFFF","#AAAAAA","#005A9C","#005A9C",0,""
605,"Washington (DSL)","Nat","Nationals","washington_(dsl)_nationals.png",0,56,172,0,4,56,60,6,0,0,0,0,"#AB0003","#11225B","#AB0003","#AB0003","#FFFFFF","#AAAAAA","#AB0003","#AB0003",0,""
606,"Miami (DSL)","Mar","Marlins","miami_(dsl)_marlins.png",0,57,172,0,2,56,41,6,0,0,0,0,"#009CA6","#2D2926","#009CA6","#2D2926","#FFFFFF","#AAAAAA","#009CA6","#009CA6",0,""
607,"St. Louis (DSL)","Card","Cardinals","st_louis_(dsl)_cardinals.png",0,56,172,0,4,56,56,6,0,0,0,0,"#BE0A14","#001541","#BE0A14","#BE0A14","#FFFFFF","#AAAAAA","#BE0A14","#BE0A14",0,""
608,"Carolinia (DSL)","CSF1","Swamp Foxes 1","carolinia_(dsl)_swamp_foxes_1.png",0,59,172,0,0,56,31,6,0,0,0,0,"#EE9C21","#A1A9AD","#EE9C21","#A1A9AD","#FFFFFF","#AAAAAA","#EE9C21","#EE9C21",0,""
609,"Cleveland (DSL)","Ind","Indians","cleveland_(dsl)_indians.png",0,60,172,0,1,56,38,6,0,0,0,0,"#203468","#D8C18D","#203468","#D8C18D","#FFFFFF","#AAAAAA","#203468","#203468",0,""
611,"Chicago N (DSL)","Cub1","Cubs 1","chicago_n_(dsl)_cubs_1.png",0,497,172,0,1,56,36,6,0,0,0,0,"#004B8B","#DA052E","#004B8B","#004B8B","#FFFFFF","#AAAAAA","#004B8B","#004B8B",0,""
613,"Texas 2 (DSL)","Ran2","Rangers 2","texas_2_(dsl)_rangers_2.png",0,6,172,0,5,56,58,6,0,0,0,0,"#003278","#C0111F","#003278","#003278","#FFFFFF","#AAAAAA","#003278","#003278",0,""
614,"All-Stars","","All-Stars","_all-stars.png",0,7,172,0,0,0,0,6,0,0,0,0,"#ED1C24","#066CC6","#ED1C24","#066CC6","#FFFFFF","#AAAAAA","#ED1C24","#ED1C24",1,""
615,"All-Stars","SL2","All-Stars","_all-stars.png",0,10,172,0,0,0,0,6,0,0,0,0,"#1E1E9E","#FFFFFF","#1E1E9E","#1E1E9E","#1E1E9E","#1E1E9E","#FFFFFF","#FFFFFF",1,""
616,"Detroit (DSL)","Tig","Tigers","detroit_(dsl)_tigers.png",0,65,172,0,4,56,40,6,0,0,0,0,"#0C2C56","#FF6600","#0C2C56","#0C2C56","#FFFFFF","#AAAAAA","#0C2C56","#0C2C56",0,""
617,"Toronto (DSL)","Jays","Blue Jays","toronto_(dsl)_blue_jays.png",0,66,172,0,0,56,59,6,0,0,0,0,"#134A8E","#D50032","#134A8E","#134A8E","#FFFFFF","#AAAAAA","#134A8E","#134A8E",0,""
618,"Cincinnati (DSL)","Rojo","Rojos","cincinnati_(dsl)_rojos.png",0,59,172,0,3,56,37,6,0,0,0,0,"#BA0C2F","#010101","#C6011F","#C6011F","#000000","#C6011F","#C6011F","#C6011F",0,""
619,"Montgomery (DSL)","MON","Herons","montgomery_(dsl)_herons.png",0,68,172,0,4,56,32,6,0,0,0,0,"#016960","#E6E6E6","#016960","#E6E6E6","#FFFFFF","#AAAAAA","#016960","#016960",0,""
620,"Milwaukee (DSL)","Brew","Brewers","milwaukee_(dsl)_brewers.png",0,69,172,0,4,56,46,6,0,0,0,0,"#13294B","#FFC72C","#13294B","#13294B","#FFFFFF","#AAAAAA","#13294B","#13294B",0,""
649,"Houston 2 (DSL)","AstO","Astros Orange","houston_2_(dsl)_astros_orange.png",0,9,172,0,5,56,42,6,0,0,0,0,"#002D62","#EB6E1F","#002D62","#002D62","#FFFFFF","#AAAAAA","#002D62","#002D62",0,""
651,"Chicago A (AZL)","ACHA","White Sox","chicago_a_(azl)_white_sox.png",0,408,159,0,2,206,35,6,0,0,0,0,"#4D4D4F","#FFFFFF","#4D4D4F","#FFFFFF","#FFFFFF","#AAAAAA","#4D4D4F","#4D4D4F",0,""
736,"Kansas City (AZL)","AKC","Royals","kansas_city_(azl)_royals.png",77041,233,159,0,2,206,43,6,0,0,0,0,"#016960","#FCB713","#016960","#FCB713","#FFFFFF","#AAAAAA","#016960","#016960",0,""
742,"Chicago N 2 (DSL)","Cub2","Cubs 2","chicago_n_2_(dsl)_cubs_2.png",83404,497,172,0,3,56,36,6,0,0,0,0,"#004B8B","#DA052E","#004B8B","#004B8B","#FFFFFF","#AAAAAA","#004B8B","#004B8B",0,""
745,"Detroit W (GCL)","GDEW","Tigers West","detroit_w_(gcl)_tigers_west.png",72393,167,160,0,0,206,40,6,0,0,0,0,"#0C2C56","#FF6600","#0C2C56","#0C2C56","#FFFFFF","#AAAAAA","#0C2C56","#0C2C56",0,""
751,"Los Angeles 2 (DSL)","Dod2","Dodgers 2","los_angeles_2_(dsl)_dodgers_2.png",10196,10,172,0,2,56,45,6,0,0,0,0,"#005A9C","#FFFFFF","#005A9C","#005A9C","#FFFFFF","#AAAAAA","#005A9C","#005A9C",0,""
753,"Arizona 2 (DSL)","Dba2","Diamonbacks 2","arizona_2_(dsl)_diamonbacks_2.png",10196,497,172,0,3,56,31,6,0,0,0,0,"#A60003","#C0C0C0","#A71930","#000000","#EEEEEE","#DDDDDD","#000000","#000000",0,""
754,"Philadelphia 2 (DSL)","Phi2","Phillies 2","philadelphia_2_(dsl)_phillies_2.png",10196,46,172,0,5,56,51,6,0,0,0,0,"#E81828","#003278","#E81828","#E81828","#FFFFFF","#AAAAAA","#E81828","#E81828",0,""
755,"Tampa Bay 2 (DSL)","Ray2","Rays 2","tampa_bay_2_(dsl)_rays_2.png",10196,48,172,0,5,56,57,6,0,0,0,0,"#002E5F","#8AC2EB","#002E5F","#8AC2EB","#FFFFFF","#AAAAAA","#002E5F","#002E5F",0,""
756,"Down East","DE","Wood Ducks","down_east_wood_ducks.png",38642,155,152,0,1,206,58,4,0,0,0,0,"#007D32","#EE712A","#007D32","#EE712A","#FFFFFF","#AAAAAA","#007D32","#007D32",0,""
757,"Charleston","CHA","Hammerheads","charleston_hammerheads.png",18926,491,153,0,0,206,32,4,0,0,0,0,"#016960","#A1A9AD","#016960","#A1A9AD","#FFFFFF","#AAAAAA","#016960","#016960",0,""
758,"Buies Creek","BC","Astros","buies_creek_astros.png",12380,500,152,0,0,206,42,4,0,0,0,0,"#002E5F","#E56606","#002E5F","#E56606","#FFFFFF","#AAAAAA","#002E5F","#002E5F",0,""
785,"San Diego 2 (AZL)","ASD2","Padres2","san_diego_2_(azl)_padres2.png",81480,529,159,0,1,206,53,6,0,0,0,0,"#05143F","#FDB726","#05143F","#FDB726","#05143F","#05143F","#FDB726","#FDB726",0,""
787,"North","AS1","All-Stars","north_all-stars.png",0,246,161,0,0,0,0,6,0,0,0,0,"#ED1C24","#066CC6","#ED1C24","#066CC6","#FFFFFF","#AAAAAA","#ED1C24","#ED1C24",1,""
788,"South","AS2","All-Stars","south_all-stars.png",0,247,161,0,0,0,0,6,0,0,0,0,"#ED1C24","#066CC6","#ED1C24","#066CC6","#FFFFFF","#AAAAAA","#ED1C24","#ED1C24",1,""
789,"American League","AL","Future Stars","american_league_future_stars.png",0,15,145,0,0,0,0,1,0,0,0,0,"#9B0101","#000000","#9B0101","#000000","#9B0101","#9B0101","#000000","#000000",1,""
790,"National League","NL","Future Stars","national_league_future_stars.png",0,18,145,1,0,0,0,1,0,0,0,0,"#1E1E9E","#F0F0F0","#1E1E9E","#F0F0F0","#1E1E9E","#1E1E9E","#F0F0F0","#F0F0F0",1,""
791,"Virginia Beach HS","VB","Judges","virginia_beach_hs_judges.png",83019,531,100,0,0,206,0,11,0,0,0,0,"#998675","#E41E2D","#998675","#E41E2D","#FFFFFF","#AAAAAA","#998675","#998675",0,""
792,"Santa Ana HS","SA","Bruins","santa_ana_hs_bruins.png",70964,532,100,0,2,206,0,11,0,0,0,0,"#091F40","#FFE300","#091F40","#FFE300","#FFFFFF","#AAAAAA","#091F40","#091F40",0,""
793,"Mesa HS","MES","Frozen Ropes","mesa_hs_frozen_ropes.png",49808,533,100,0,1,206,0,11,0,0,0,0,"#4D4D4F","#7DC3D9","#4D4D4F","#7DC3D9","#FFFFFF","#AAAAAA","#4D4D4F","#4D4D4F",0,""
794,"Honolulu HS","HON","Wild Riders","honolulu_hs_wild_riders.png",32457,534,100,0,2,206,0,11,0,0,0,0,"#203468","#CC202A","#203468","#CC202A","#FFFFFF","#AAAAAA","#203468","#203468",0,""
795,"Garden Grove HS","GG","Cardinals","garden_grove_hs_cardinals.png",27779,535,100,0,2,206,0,11,0,0,0,0,"#ED2024","#1D76BB","#ED2024","#1D76BB","#FFFFFF","#AAAAAA","#ED2024","#ED2024",0,""
796,"Garland HS","GAR","Spirit","garland_hs_spirit.png",27837,536,100,0,1,206,0,11,0,0,0,0,"#FF6600","#FCB713","#FF6600","#FCB713","#FFFFFF","#AAAAAA","#FF6600","#FF6600",0,""
797,"Santa Rosa HS","SR","Deputies","santa_rosa_hs_deputies.png",71263,537,100,0,2,206,0,11,0,0,0,0,"#DFBB02","#662D91","#DFBB02","#662D91","#FFFFFF","#AAAAAA","#DFBB02","#DFBB02",0,""
798,"Medford HS","MED","Lions","medford_hs_lions.png",90842,538,100,0,0,206,0,11,0,0,0,0,"#233F94","#D8C18D","#233F94","#D8C18D","#FFFFFF","#AAAAAA","#233F94","#233F94",0,""
799,"Santa Ana HS","SA","Makos","santa_ana_hs_makos.png",70964,539,100,0,1,206,0,11,0,0,0,0,"#EF4923","#5C0E67","#EF4923","#5C0E67","#FFFFFF","#AAAAAA","#EF4923","#EF4923",0,""
800,"Atlanta HS","ATL","Cubs","atlanta_hs_cubs.png",4704,540,100,0,0,206,0,11,0,0,0,0,"#ED2024","#EBD357","#ED2024","#EBD357","#FFFFFF","#AAAAAA","#ED2024","#ED2024",0,""
801,"Anchorage HS","ANC","Mariners","anchorage_hs_mariners.png",2891,541,100,0,2,206,0,11,0,0,0,0,"#E41E2D","#233F94","#E41E2D","#233F94","#FFFFFF","#AAAAAA","#E41E2D","#E41E2D",0,""
802,"El Paso HS","EP","Steelhounds","el_paso_hs_steelhounds.png",23176,542,100,0,1,206,0,11,0,0,0,0,"#A1A9AD","#4D4D4F","#A1A9AD","#4D4D4F","#FFFFFF","#AAAAAA","#A1A9AD","#A1A9AD",0,""
803,"San Diego HS","SD","Diamond Cats","san_diego_hs_diamond_cats.png",69896,543,100,0,1,206,0,11,0,0,0,0,"#ED1C24","#939598","#ED1C24","#939598","#FFFFFF","#AAAAAA","#ED1C24","#ED1C24",0,""
804,"Nashville HS","NAS","Defenders","nashville_hs_defenders.png",54298,544,100,0,0,206,0,11,0,0,0,0,"#00528D","#BE1E2D","#00528D","#BE1E2D","#FFFFFF","#AAAAAA","#00528D","#00528D",0,""
805,"Minneapolis HS","MIN","Speed Devils","minneapolis_hs_speed_devils.png",50536,545,100,0,0,206,0,11,0,0,0,0,"#CC202A","#233F94","#CC202A","#233F94","#FFFFFF","#AAAAAA","#CC202A","#CC202A",0,""
806,"Denver HS","DEN","Bayhawks","denver_hs_bayhawks.png",20170,546,100,0,1,206,0,11,0,0,0,0,"#091F40","#EF4923","#091F40","#EF4923","#FFFFFF","#AAAAAA","#091F40","#091F40",0,""
807,"Oxnard HS","OXN","Arrows","oxnard_hs_arrows.png",58204,547,100,0,2,206,0,11,0,0,0,0,"#ED1C24","#000000","#ED1C24","#000000","#FFFFFF","#AAAAAA","#ED1C24","#ED1C24",0,""
808,"Baton Rouge HS","BR","Wolves","baton_rouge_hs_wolves.png",7611,548,100,0,0,206,0,11,0,0,0,0,"#A1A9AD","#000000","#A1A9AD","#000000","#FFFFFF","#AAAAAA","#A1A9AD","#A1A9AD",0,""
809,"New York HS","NY","Bay Hawks","new_york_hs_bay_hawks.png",55211,549,100,1,0,206,0,11,0,0,0,0,"#D8C18D","#233F94","#D8C18D","#233F94","#FFFFFF","#AAAAAA","#D8C18D","#D8C18D",0,""
810,"Newport News HS","NN","Waveriders","newport_news_hs_waveriders.png",55288,550,100,1,0,206,0,11,0,0,0,0,"#203468","#6DAADC","#203468","#6DAADC","#FFFFFF","#AAAAAA","#203468","#203468",0,""
811,"Spring Valley HS","SV","Westerners","spring_valley_hs_westerners.png",75682,551,100,1,2,206,0,11,0,0,0,0,"#CC202A","#0071BC","#CC202A","#0071BC","#FFFFFF","#AAAAAA","#CC202A","#CC202A",0,""
812,"Vancouver HS","VAN","Blazers","vancouver_hs_blazers.png",84103,552,100,1,2,206,0,11,0,0,0,0,"#EF4923","#091F40","#EF4923","#091F40","#FFFFFF","#AAAAAA","#EF4923","#EF4923",0,""
813,"Chicago HS","CHI","Motors","chicago_hs_motors.png",13181,553,100,1,1,206,0,11,0,0,0,0,"#005933","#E6E6E6","#005933","#E6E6E6","#FFFFFF","#AAAAAA","#005933","#005933",0,""
814,"Fremont HS","FRE","Music","fremont_hs_music.png",24811,554,100,1,2,206,0,11,0,0,0,0,"#000000","#E6E6E6","#000000","#E6E6E6","#FFFFFF","#AAAAAA","#000000","#000000",0,""
815,"Columbus HS","COL","Peregrines","columbus_hs_peregrines.png",14625,555,100,1,0,206,0,11,0,0,0,0,"#EF4923","#005933","#EF4923","#005933","#FFFFFF","#AAAAAA","#EF4923","#EF4923",0,""
816,"Springfield HS","SPR","Peacocks","springfield_hs_peacocks.png",75712,556,100,1,0,206,0,11,0,0,0,0,"#233F94","#E41E2D","#233F94","#E41E2D","#FFFFFF","#AAAAAA","#233F94","#233F94",0,""
817,"Omaha HS","OMA","Explosion","omaha_hs_explosion.png",57291,557,100,1,1,206,0,11,0,0,0,0,"#5C0E67","#FCB713","#5C0E67","#FCB713","#FFFFFF","#AAAAAA","#5C0E67","#5C0E67",0,""
818,"Sacramento HS","SAC","Cheetahs","sacramento_hs_cheetahs.png",67700,558,100,1,2,206,0,11,0,0,0,0,"#EBD357","#000000","#EBD357","#000000","#FFFFFF","#AAAAAA","#EBD357","#EBD357",0,""
819,"Little Rock HS","LR","Rawhide","little_rock_hs_rawhide.png",45830,559,100,1,1,206,0,11,0,0,0,0,"#D8C18D","#4D4D4F","#D8C18D","#4D4D4F","#FFFFFF","#AAAAAA","#D8C18D","#D8C18D",0,""
820,"Orlando HS","ORL","Highlanders","orlando_hs_highlanders.png",57649,560,100,1,0,206,0,11,0,0,0,0,"#233F94","#D8C18D","#233F94","#D8C18D","#FFFFFF","#AAAAAA","#233F94","#233F94",0,""
821,"Brooklyn HS","BRO","Gamblers","brooklyn_hs_gamblers.png",12985,561,100,1,0,206,0,11,0,0,0,0,"#E41E2D","#000000","#E41E2D","#000000","#FFFFFF","#AAAAAA","#E41E2D","#E41E2D",0,""
822,"Chicago HS","CHI","Rattlers","chicago_hs_rattlers.png",13181,562,100,1,1,206,0,11,0,0,0,0,"#005933","#FCB713","#005933","#FCB713","#FFFFFF","#AAAAAA","#005933","#005933",0,""
823,"Memphis HS","MEM","Giants","memphis_hs_giants.png",49583,563,100,1,1,206,0,11,0,0,0,0,"#FCB713","#016960","#FCB713","#016960","#FFFFFF","#AAAAAA","#FCB713","#FCB713",0,""
824,"Albuquerque HS","ALB","Lancers","albuquerque_hs_lancers.png",1405,564,100,1,2,206,0,11,0,0,0,0,"#091F40","#7DC3D9","#091F40","#7DC3D9","#FFFFFF","#AAAAAA","#091F40","#091F40",0,""
825,"Chandler HS","CHA","Swallows","chandler_hs_swallows.png",18763,565,100,1,2,206,0,11,0,0,0,0,"#CC202A","#203468","#CC202A","#203468","#FFFFFF","#AAAAAA","#CC202A","#CC202A",0,""
826,"Chicago HS","CHI","Robins","chicago_hs_robins.png",13181,566,100,1,1,206,0,11,0,0,0,0,"#E41E2D","#233F94","#E41E2D","#233F94","#FFFFFF","#AAAAAA","#E41E2D","#E41E2D",0,""
827,"New Orleans HS","NO","Bulldogs","new_orleans_hs_bulldogs.png",55156,567,101,0,1,206,0,11,0,0,0,0,"#233F94","#FCB713","#233F94","#FCB713","#FFFFFF","#AAAAAA","#233F94","#233F94",0,""
828,"St. Petersburg HS","SP","Rampage","st_petersburg_hs_rampage.png",69137,568,101,0,0,206,0,11,0,0,0,0,"#091F40","#6DAADC","#091F40","#6DAADC","#FFFFFF","#AAAAAA","#091F40","#091F40",0,""
829,"North Las Vegas HS","NL","Hounds","north_las_vegas_hs_hounds.png",56150,569,101,0,2,206,0,11,0,0,0,0,"#233F94","#CC202A","#233F94","#CC202A","#FFFFFF","#AAAAAA","#233F94","#233F94",0,""
830,"Indianapolis HS","IND","River Hawks","indianapolis_hs_river_hawks.png",34491,570,101,0,0,206,0,11,0,0,0,0,"#4D4D4F","#FF6600","#4D4D4F","#FF6600","#FFFFFF","#AAAAAA","#4D4D4F","#4D4D4F",0,""
831,"San Jose HS","SJ","Abbots","san_jose_hs_abbots.png",70210,571,101,0,2,206,0,11,0,0,0,0,"#00A2E5","#084CA1","#00A2E5","#084CA1","#FFFFFF","#AAAAAA","#00A2E5","#00A2E5",0,""
832,"Kansas City HS","KC","Golden Knights","kansas_city_hs_golden_knights.png",36925,572,101,0,1,206,0,11,0,0,0,0,"#A1A9AD","#233F94","#A1A9AD","#233F94","#FFFFFF","#AAAAAA","#A1A9AD","#A1A9AD",0,""
833,"Kansas City HS","KC","Avengers","kansas_city_hs_avengers.png",36925,573,101,0,1,206,0,11,0,0,0,0,"#519BD2","#BE1E2D","#519BD2","#BE1E2D","#FFFFFF","#AAAAAA","#519BD2","#519BD2",0,""
834,"Newark HS","NEW","Magicians","newark_hs_magicians.png",55218,574,101,0,0,206,0,11,0,0,0,0,"#0071BC","#CC202A","#0071BC","#CC202A","#FFFFFF","#AAAAAA","#0071BC","#0071BC",0,""
835,"Garland HS","GAR","Cats","garland_hs_cats.png",27837,575,101,0,1,206,0,11,0,0,0,0,"#74C168","#005087","#74C168","#005087","#FFFFFF","#AAAAAA","#74C168","#74C168",0,""
836,"Columbus HS","COL","Colonials","columbus_hs_colonials.png",14616,576,101,0,0,206,0,11,0,0,0,0,"#F79C1D","#005087","#F79C1D","#005087","#FFFFFF","#AAAAAA","#F79C1D","#F79C1D",0,""
837,"Pembroke Pines HS","PP","Superstars","pembroke_pines_hs_superstars.png",63535,577,101,0,0,206,0,11,0,0,0,0,"#E41E2D","#203468","#E41E2D","#203468","#FFFFFF","#AAAAAA","#E41E2D","#E41E2D",0,""
838,"Kansas City HS","KC","Power","kansas_city_hs_power.png",36925,578,101,0,1,206,0,11,0,0,0,0,"#E41E2D","#D8C18D","#E41E2D","#D8C18D","#FFFFFF","#AAAAAA","#E41E2D","#E41E2D",0,""
839,"Pomona HS","POM","Storm Kings","pomona_hs_storm_kings.png",60093,579,101,0,2,206,0,11,0,0,0,0,"#5C0E67","#FCB713","#5C0E67","#FCB713","#FFFFFF","#AAAAAA","#5C0E67","#5C0E67",0,""
840,"Milwaukee HS","MIL","Dingos","milwaukee_hs_dingos.png",50428,580,101,0,1,206,0,11,0,0,0,0,"#BE1E2D","#00528D","#BE1E2D","#00528D","#FFFFFF","#AAAAAA","#BE1E2D","#BE1E2D",0,""
841,"Oklahoma City HS","OC","Moose","oklahoma_city_hs_moose.png",57035,581,101,0,2,206,0,11,0,0,0,0,"#203468","#EF4923","#203468","#EF4923","#FFFFFF","#AAAAAA","#203468","#203468",0,""
842,"Cleveland HS","CLE","Salmon Kings","cleveland_hs_salmon_kings.png",14082,582,101,0,0,206,0,11,0,0,0,0,"#005933","#FCB713","#005933","#FCB713","#FFFFFF","#AAAAAA","#005933","#005933",0,""
843,"Tempe HS","TEM","Dukes","tempe_hs_dukes.png",79104,583,101,0,2,206,0,11,0,0,0,0,"#00528D","#EF4136","#00528D","#EF4136","#FFFFFF","#AAAAAA","#00528D","#00528D",0,""
844,"Scottsdale HS","SCO","Browns","scottsdale_hs_browns.png",72398,584,101,0,2,206,0,11,0,0,0,0,"#D8C18D","#091F40","#D8C18D","#091F40","#FFFFFF","#AAAAAA","#D8C18D","#D8C18D",0,""
845,"Tucson HS","TUC","Pipeliners","tucson_hs_pipeliners.png",81480,585,101,1,2,206,0,11,0,0,0,0,"#A1A9AD","#000000","#A1A9AD","#000000","#FFFFFF","#AAAAAA","#A1A9AD","#A1A9AD",0,""
846,"Las Vegas HS","LV","Devil Rays","las_vegas_hs_devil_rays.png",43942,586,101,1,2,206,0,11,0,0,0,0,"#00A79D","#BE1E2D","#00A79D","#BE1E2D","#FFFFFF","#AAAAAA","#00A79D","#00A79D",0,""
847,"Colorado Springs HS","CS","Swarm","colorado_springs_hs_swarm.png",14578,587,101,1,1,206,0,11,0,0,0,0,"#FCB713","#000000","#FCB713","#000000","#FFFFFF","#AAAAAA","#FCB713","#FCB713",0,""
848,"Worcester HS","WOR","River Sharks","worcester_hs_river_sharks.png",86551,588,101,1,0,206,0,11,0,0,0,0,"#233F94","#EF4923","#233F94","#EF4923","#FFFFFF","#AAAAAA","#233F94","#233F94",0,""
849,"Atlanta HS","ATL","Angels","atlanta_hs_angels.png",4704,589,101,1,1,206,0,11,0,0,0,0,"#2E3192","#FFCC46","#2E3192","#FFCC46","#FFFFFF","#AAAAAA","#2E3192","#2E3192",0,""
850,"Philadelphia HS","PHI","Swamp Bats","philadelphia_hs_swamp_bats.png",58713,590,101,1,0,206,0,11,0,0,0,0,"#5C0E67","#D8C18D","#5C0E67","#D8C18D","#FFFFFF","#AAAAAA","#5C0E67","#5C0E67",0,""
851,"Ft. Lauderdale HS","FL","Ghostriders","ft_lauderdale_hs_ghostriders.png",25202,591,101,1,0,206,0,11,0,0,0,0,"#E41E2D","#233F94","#E41E2D","#233F94","#FFFFFF","#AAAAAA","#E41E2D","#E41E2D",0,""
852,"Washington HS","WAS","Rockies","washington_hs_rockies.png",87845,592,101,1,0,206,0,11,0,0,0,0,"#203468","#EE9C21","#203468","#EE9C21","#FFFFFF","#AAAAAA","#203468","#203468",0,""
853,"Huntsville HS","HUN","Marshals","huntsville_hs_marshals.png",33063,593,101,1,1,206,0,11,0,0,0,0,"#091F40","#7DC3D9","#091F40","#7DC3D9","#FFFFFF","#AAAAAA","#091F40","#091F40",0,""
854,"Colorado Springs HS","CS","Lumber Kings","colorado_springs_hs_lumber_kings.png",14578,594,101,1,1,206,0,11,0,0,0,0,"#D8C18D","#005933","#D8C18D","#005933","#FFFFFF","#AAAAAA","#D8C18D","#D8C18D",0,""
855,"Aurora HS","AUR","Tribe","aurora_hs_tribe.png",4971,595,101,1,1,206,0,11,0,0,0,0,"#233F94","#E41E2D","#233F94","#E41E2D","#FFFFFF","#AAAAAA","#233F94","#233F94",0,""
856,"Ontario HS","ONT","Tornado","ontario_hs_tornado.png",57383,596,101,1,2,206,0,11,0,0,0,0,"#233F94","#A1A9AD","#233F94","#A1A9AD","#FFFFFF","#AAAAAA","#233F94","#233F94",0,""
857,"Kansas City HS","KC","Jackrabbits","kansas_city_hs_jackrabbits.png",36925,597,101,1,1,206,0,11,0,0,0,0,"#D8C18D","#791730","#D8C18D","#791730","#FFFFFF","#AAAAAA","#D8C18D","#D8C18D",0,""
858,"Sacramento HS","SAC","Senators","sacramento_hs_senators.png",67700,598,101,1,2,206,0,11,0,0,0,0,"#233F94","#FCB713","#233F94","#FCB713","#FFFFFF","#AAAAAA","#233F94","#233F94",0,""
859,"Honolulu HS","HON","Silver Hawks","honolulu_hs_silver_hawks.png",32457,599,101,1,2,206,0,11,0,0,0,0,"#EF4923","#A1A9AD","#EF4923","#A1A9AD","#FFFFFF","#AAAAAA","#EF4923","#EF4923",0,""
860,"Arlington HS","ARL","Smokies","arlington_hs_smokies.png",4073,600,101,1,0,206,0,11,0,0,0,0,"#005933","#E6E6E6","#005933","#E6E6E6","#FFFFFF","#AAAAAA","#005933","#005933",0,""
861,"Las Vegas HS","LV","Blackhawks","las_vegas_hs_blackhawks.png",43942,601,101,1,2,206,0,11,0,0,0,0,"#4D4D4F","#FFE300","#4D4D4F","#FFE300","#FFFFFF","#AAAAAA","#4D4D4F","#4D4D4F",0,""
862,"Tallahassee HS","TAL","Emeralds","tallahassee_hs_emeralds.png",78226,602,101,1,0,206,0,11,0,0,0,0,"#008249","#E6E6E6","#008249","#E6E6E6","#FFFFFF","#AAAAAA","#008249","#008249",0,""
863,"Charlotte College","CHA","Biplanes","charlotte_college_biplanes.png",18952,603,102,0,0,206,0,10,0,0,0,0,"#7DC3D9","#203468","#7DC3D9","#203468","#FFFFFF","#AAAAAA","#7DC3D9","#7DC3D9",0,""
864,"Anaheim College","ANA","Mutiny","anaheim_college_mutiny.png",2845,604,102,0,3,206,0,10,0,0,0,0,"#EF4923","#0071BC","#EF4923","#0071BC","#FFFFFF","#AAAAAA","#EF4923","#EF4923",0,""
865,"Jacksonville College","JAC","Freedom","jacksonville_college_freedom.png",34776,605,102,0,1,206,0,10,0,0,0,0,"#233F94","#E41E2D","#233F94","#E41E2D","#FFFFFF","#AAAAAA","#233F94","#233F94",0,""
866,"Gilbert College","GIL","Norsemen","gilbert_college_norsemen.png",28482,606,102,0,3,206,0,10,0,0,0,0,"#7DC3D9","#203468","#7DC3D9","#203468","#FFFFFF","#AAAAAA","#7DC3D9","#7DC3D9",0,""
867,"Kansas City College","KC","Raptors","kansas_city_college_raptors.png",36925,607,102,0,2,206,0,10,0,0,0,0,"#233F94","#008249","#233F94","#008249","#FFFFFF","#AAAAAA","#233F94","#233F94",0,""
868,"Austin College","AUS","Metro Stars","austin_college_metro_stars.png",4992,608,102,0,2,206,0,10,0,0,0,0,"#E41E2D","#A1A9AD","#E41E2D","#A1A9AD","#FFFFFF","#AAAAAA","#E41E2D","#E41E2D",0,""
869,"Irving College","IRV","Hot Rods","irving_college_hot_rods.png",33714,609,102,0,2,206,0,10,0,0,0,0,"#EF4923","#A1A9AD","#EF4923","#A1A9AD","#FFFFFF","#AAAAAA","#EF4923","#EF4923",0,""
870,"Seattle College","SEA","Maroons","seattle_college_maroons.png",72460,610,102,0,3,206,0,10,0,0,0,0,"#D8C18D","#791730","#D8C18D","#791730","#FFFFFF","#AAAAAA","#D8C18D","#D8C18D",0,""
871,"Toledo College","TOL","Blizzard","toledo_college_blizzard.png",80442,611,102,0,1,206,0,10,0,0,0,0,"#233F94","#7DC3D9","#233F94","#7DC3D9","#FFFFFF","#AAAAAA","#233F94","#233F94",0,""
872,"Washington College","WAS","Flying Squirrels","washington_college_flying_squirrels.png",87845,612,102,0,0,206,0,10,0,0,0,0,"#D8C18D","#016960","#D8C18D","#016960","#FFFFFF","#AAAAAA","#D8C18D","#D8C18D",0,""
873,"Sacramento College","SAC","Reds","sacramento_college_reds.png",67700,613,102,0,3,206,0,10,0,0,0,0,"#0071BC","#CC202A","#0071BC","#CC202A","#FFFFFF","#AAAAAA","#0071BC","#0071BC",0,""
874,"El Paso College","EP","Pilgrims","el_paso_college_pilgrims.png",23176,614,102,0,2,206,0,10,0,0,0,0,"#016960","#E6E6E6","#016960","#E6E6E6","#FFFFFF","#AAAAAA","#016960","#016960",0,""
875,"Milwaukee College","MIL","Mavericks","milwaukee_college_mavericks.png",50428,615,102,0,1,206,0,10,0,0,0,0,"#091F40","#FF6600","#091F40","#FF6600","#FFFFFF","#AAAAAA","#091F40","#091F40",0,""
876,"Boston College","BOS","Emeralds","boston_college_emeralds.png",10948,616,102,0,0,206,0,10,0,0,0,0,"#008249","#E6E6E6","#008249","#E6E6E6","#FFFFFF","#AAAAAA","#008249","#008249",0,""
877,"San Antonio College","SA","River Otters","san_antonio_college_river_otters.png",69776,617,102,0,2,206,0,10,0,0,0,0,"#791730","#D8C18D","#791730","#D8C18D","#FFFFFF","#AAAAAA","#791730","#791730",0,""
878,"Los Angeles College","LA","Blue Sox","los_angeles_college_blue_sox.png",41955,618,102,0,3,206,0,10,0,0,0,0,"#233F94","#D8C18D","#233F94","#D8C18D","#FFFFFF","#AAAAAA","#233F94","#233F94",0,""
879,"Madison College","MAD","Thunder Dogs","madison_college_thunder_dogs.png",46552,619,102,0,1,206,0,10,0,0,0,0,"#E41E2D","#D8C18D","#E41E2D","#D8C18D","#FFFFFF","#AAAAAA","#E41E2D","#E41E2D",0,""
880,"Charlotte College","CHA","Jays","charlotte_college_jays.png",18952,620,102,0,0,206,0,10,0,0,0,0,"#0071BC","#E41E2D","#0071BC","#E41E2D","#FFFFFF","#AAAAAA","#0071BC","#0071BC",0,""
881,"New Orleans College","NO","Bengals","new_orleans_college_bengals.png",55156,621,102,0,1,206,0,10,0,0,0,0,"#008249","#FCB713","#008249","#FCB713","#FFFFFF","#AAAAAA","#008249","#008249",0,""
882,"Hialeah College","HIA","Oilmen","hialeah_college_oilmen.png",31718,622,102,0,0,206,0,10,0,0,0,0,"#EF4923","#4D4D4F","#EF4923","#4D4D4F","#FFFFFF","#AAAAAA","#EF4923","#EF4923",0,""
883,"Ft. Worth College","FW","Wolfhounds","ft_worth_college_wolfhounds.png",25145,623,102,1,2,206,0,10,0,0,0,0,"#A1A9AD","#E41E2D","#A1A9AD","#E41E2D","#FFFFFF","#AAAAAA","#A1A9AD","#A1A9AD",0,""
884,"Austin College","AUS","Snake Eyes","austin_college_snake_eyes.png",4992,624,102,1,2,206,0,10,0,0,0,0,"#CC202A","#000000","#CC202A","#000000","#FFFFFF","#AAAAAA","#CC202A","#CC202A",0,""
885,"Indianapolis College","IND","Sun Sox","indianapolis_college_sun_sox.png",34491,625,102,1,0,206,0,10,0,0,0,0,"#FF6600","#E6E6E6","#FF6600","#E6E6E6","#FFFFFF","#AAAAAA","#FF6600","#FF6600",0,""
886,"Bakersfield College","BAK","Lake Monsters","bakersfield_college_lake_monsters.png",6327,626,102,1,3,206,0,10,0,0,0,0,"#005933","#6DAADC","#005933","#6DAADC","#FFFFFF","#AAAAAA","#005933","#005933",0,""
887,"Hampton College","HAM","Volcanoes","hampton_college_volcanoes.png",30531,627,102,1,0,206,0,10,0,0,0,0,"#CC202A","#4D4D4F","#CC202A","#4D4D4F","#FFFFFF","#AAAAAA","#CC202A","#CC202A",0,""
888,"Detroit College","DET","Lugnuts","detroit_college_lugnuts.png",20315,628,102,1,0,206,0,10,0,0,0,0,"#6DAADC","#4D4D4F","#6DAADC","#4D4D4F","#FFFFFF","#AAAAAA","#6DAADC","#6DAADC",0,""
889,"Ft. Worth College","FW","Red Foxes","ft_worth_college_red_foxes.png",25145,629,102,1,2,206,0,10,0,0,0,0,"#EF4923","#791730","#EF4923","#791730","#FFFFFF","#AAAAAA","#EF4923","#EF4923",0,""
890,"Philadelphia College","PHI","Colonials","philadelphia_college_colonials.png",58713,630,102,1,0,206,0,10,0,0,0,0,"#F79C1D","#005087","#F79C1D","#005087","#FFFFFF","#AAAAAA","#F79C1D","#F79C1D",0,""
891,"Indianapolis College","IND","Gold Rush","indianapolis_college_gold_rush.png",34491,631,102,1,0,206,0,10,0,0,0,0,"#4D4D4F","#EE9C21","#4D4D4F","#EE9C21","#FFFFFF","#AAAAAA","#4D4D4F","#4D4D4F",0,""
892,"Fontana College","FON","Commodores","fontana_college_commodores.png",25955,632,102,1,3,206,0,10,0,0,0,0,"#74C168","#939598","#74C168","#939598","#FFFFFF","#AAAAAA","#74C168","#74C168",0,""
893,"Tulsa College","TUL","Barbarians","tulsa_college_barbarians.png",81568,633,102,1,1,206,0,10,0,0,0,0,"#CC202A","#7DC3D9","#CC202A","#7DC3D9","#FFFFFF","#AAAAAA","#CC202A","#CC202A",0,""
894,"Oakland College","OAK","Rogues","oakland_college_rogues.png",56459,634,102,1,3,206,0,10,0,0,0,0,"#005933","#998675","#005933","#998675","#FFFFFF","#AAAAAA","#005933","#005933",0,""
895,"Omaha College","OMA","Mohawks","omaha_college_mohawks.png",57291,635,102,1,1,206,0,10,0,0,0,0,"#CC202A","#D8C18D","#CC202A","#D8C18D","#FFFFFF","#AAAAAA","#CC202A","#CC202A",0,""
896,"Ft. Worth College","FW","Hornets","ft_worth_college_hornets.png",25145,636,102,1,1,206,0,10,0,0,0,0,"#E41E2D","#233F94","#E41E2D","#233F94","#FFFFFF","#AAAAAA","#E41E2D","#E41E2D",0,""
897,"San Diego College","SD","Sea Lions","san_diego_college_sea_lions.png",69896,637,102,1,2,206,0,10,0,0,0,0,"#233F94","#7DC3D9","#233F94","#7DC3D9","#FFFFFF","#AAAAAA","#233F94","#233F94",0,""
898,"San Diego College","SD","Capitals","san_diego_college_capitals.png",69896,638,102,1,2,206,0,10,0,0,0,0,"#005087","#ED2024","#005087","#ED2024","#FFFFFF","#AAAAAA","#005087","#005087",0,""
899,"Houston College","HOU","Hawks","houston_college_hawks.png",32688,639,102,1,1,206,0,10,0,0,0,0,"#091F40","#EF4923","#091F40","#EF4923","#FFFFFF","#AAAAAA","#091F40","#091F40",0,""
900,"Santa Clarita College","SC","Fisher Cats","santa_clarita_college_fisher_cats.png",71027,640,102,1,3,206,0,10,0,0,0,0,"#203468","#EF4923","#203468","#EF4923","#FFFFFF","#AAAAAA","#203468","#203468",0,""
901,"St. Louis College","SL","76ers","st_louis_college_76ers.png",69095,641,102,1,1,206,0,10,0,0,0,0,"#5C0E67","#FCB713","#5C0E67","#FCB713","#FFFFFF","#AAAAAA","#5C0E67","#5C0E67",0,""
902,"San Jose College","SJ","Rainiers","san_jose_college_rainiers.png",70210,642,102,1,3,206,0,10,0,0,0,0,"#6DAADC","#A1A9AD","#6DAADC","#A1A9AD","#FFFFFF","#AAAAAA","#6DAADC","#6DAADC",0,""
903,"Brooklyn College","BRO","Isotopes","brooklyn_college_isotopes.png",12985,643,103,0,0,206,0,10,0,0,0,0,"#E41E2D","#091F40","#E41E2D","#091F40","#FFFFFF","#AAAAAA","#E41E2D","#E41E2D",0,""
904,"Memphis College","MEM","Yaks","memphis_college_yaks.png",49583,644,103,0,0,206,0,10,0,0,0,0,"#005933","#FCB713","#005933","#FCB713","#FFFFFF","#AAAAAA","#005933","#005933",0,""
905,"Phoenix College","PHO","Rivermen","phoenix_college_rivermen.png",58739,645,103,0,0,206,0,10,0,0,0,0,"#D8C18D","#005933","#D8C18D","#005933","#FFFFFF","#AAAAAA","#D8C18D","#D8C18D",0,""
906,"Los Angeles College","LA","Grasshoppers","los_angeles_college_grasshoppers.png",41955,646,103,0,0,206,0,10,0,0,0,0,"#005933","#FCB713","#005933","#FCB713","#FFFFFF","#AAAAAA","#005933","#005933",0,""
907,"Columbus College","COL","Zebras","columbus_college_zebras.png",14625,647,103,0,0,206,0,10,0,0,0,0,"#000000","#A1A9AD","#000000","#A1A9AD","#FFFFFF","#AAAAAA","#000000","#000000",0,""
908,"Jersey City College","JC","Swordsmen","jersey_city_college_swordsmen.png",35278,648,103,0,0,206,0,10,0,0,0,0,"#005933","#A1A9AD","#005933","#A1A9AD","#FFFFFF","#AAAAAA","#005933","#005933",0,""
909,"Austin College","AUS","Mutiny","austin_college_mutiny.png",4992,649,103,1,0,206,0,10,0,0,0,0,"#EF4923","#0071BC","#EF4923","#0071BC","#FFFFFF","#AAAAAA","#EF4923","#EF4923",0,""
910,"Chicago College","CHI","Red Raiders","chicago_college_red_raiders.png",13181,650,103,1,0,206,0,10,0,0,0,0,"#203468","#E41E2D","#203468","#E41E2D","#FFFFFF","#AAAAAA","#203468","#203468",0,""
911,"Chicago College","CHI","Cubs","chicago_college_cubs.png",13181,651,103,1,0,206,0,10,0,0,0,0,"#ED2024","#EBD357","#ED2024","#EBD357","#FFFFFF","#AAAAAA","#ED2024","#ED2024",0,""
912,"Indianapolis College","IND","Thrashers","indianapolis_college_thrashers.png",34491,652,103,1,0,206,0,10,0,0,0,0,"#EF4923","#A1A9AD","#EF4923","#A1A9AD","#FFFFFF","#AAAAAA","#EF4923","#EF4923",0,""
913,"Jacksonville College","JAC","Sundevils","jacksonville_college_sundevils.png",34776,653,103,1,0,206,0,10,0,0,0,0,"#E41E2D","#E6E6E6","#E41E2D","#E6E6E6","#FFFFFF","#AAAAAA","#E41E2D","#E41E2D",0,""
914,"Indianapolis College","IND","Rush","indianapolis_college_rush.png",34491,654,103,1,0,206,0,10,0,0,0,0,"#CC202A","#203468","#CC202A","#203468","#FFFFFF","#AAAAAA","#CC202A","#CC202A",0,""
915,"Conference 1","SL1","All-Stars","conference_1_all-stars.png",0,533,100,0,0,0,0,11,0,0,0,0,"#9B0101","#000000","#ED1C24","#066CC6","#FFFFFF","#AAAAAA","#ED1C24","#ED1C24",1,""
916,"Conference 2","SL2","All-Stars","conference_2_all-stars.png",0,558,100,1,0,0,0,11,0,0,0,0,"#1E1E9E","#F0F0F0","#ED1C24","#066CC6","#FFFFFF","#AAAAAA","#ED1C24","#ED1C24",1,""
917,"Conference 1","SL1","All-Stars","conference_1_all-stars.png",0,579,101,0,0,0,0,11,0,0,0,0,"#9B0101","#000000","#9B0101","#000000","#9B0101","#9B0101","#000000","#000000",1,""
918,"Conference 2","SL2","All-Stars","conference_2_all-stars.png",0,594,101,1,0,0,0,11,0,0,0,0,"#1E1E9E","#F0F0F0","#1E1E9E","#F0F0F0","#1E1E9E","#1E1E9E","#F0F0F0","#F0F0F0",1,""
919,"Conference 1","SL1","All-Stars","conference_1_all-stars.png",0,618,102,0,0,0,0,10,0,0,0,0,"#9B0101","#000000","#9B0101","#000000","#9B0101","#9B0101","#000000","#000000",1,""
920,"Conference 2","SL2","All-Stars","conference_2_all-stars.png",0,629,102,1,0,0,0,10,0,0,0,0,"#1E1E9E","#F0F0F0","#1E1E9E","#F0F0F0","#1E1E9E","#1E1E9E","#F0F0F0","#F0F0F0",1,""
921,"Conference 1","SL1","All-Stars","conference_1_all-stars.png",0,645,103,0,0,0,0,10,0,0,0,0,"#9B0101","#000000","#9B0101","#000000","#9B0101","#9B0101","#000000","#000000",1,""
922,"Conference 2","SL2","All-Stars","conference_2_all-stars.png",0,650,103,1,0,0,0,10,0,0,0,0,"#1E1E9E","#F0F0F0","#1E1E9E","#F0F0F0","#1E1E9E","#1E1E9E","#F0F0F0","#F0F0F0",1,""
